Site Name;Date;Measured Value (kWh)
21 Melrose;Jan-24;1815
21 Melrose;Feb-24;2295
21 Melrose;Mar-24;2474
21 Melrose;Apr-24;2136
21 Melrose;May-24;2212
21 Melrose;Jun-24;1863
21 Melrose;Jul-24;1943
21 Melrose;Aug-24;1710
21 Melrose;Sept-24;1579
21 Melrose;Oct-24;1593
21 Melrose;Nov-24;1794
21 Melrose;Dec-24;1794
21 Melrose;Jan-25;1992
21 Melrose;Feb-25;1458
21 Melrose;Mar-25;1382
21 Melrose;Apr-25;1183
21 Melrose;May-25;1860
21 Melrose;Jun-25;1756,6
21 Melrose;Jul-25;1742
21 Melrose;Aug-25;1613
21 Melrose;Sept-25;1358,7
21 Melrose;Oct-25;1601
21 Melrose;Nov-25;1444
21 Melrose;Dec-25;1375
21 Melrose;Jan-26;1549
21 Melrose;Feb-26;1362
21 Melrose;Mar-26;1237
21 Melrose;Apr-26;830
21 Melrose;May-26;1169,9
21 Melrose;Jun-26;
21 Melrose;Jul-26;
21 Melrose;Aug-26;
21 Melrose;Sept-26;
21 Melrose;Oct-26;
21 Melrose;Nov-26;
21 Melrose;Dec-26;
African Global Plastics;Jan-24;23024
African Global Plastics;Feb-24;23235
African Global Plastics;Mar-24;23235
African Global Plastics;Apr-24;19307
African Global Plastics;May-24;18418
African Global Plastics;Jun-24;15949
African Global Plastics;Jul-24;17174
African Global Plastics;Aug-24;13588
African Global Plastics;Sept-24;20254
African Global Plastics;Oct-24;27693
African Global Plastics;Nov-24;24041
African Global Plastics;Dec-24;25076
African Global Plastics;Jan-25;22439
African Global Plastics;Feb-25;14790
African Global Plastics;Mar-25;15371
African Global Plastics;Apr-25;13930
African Global Plastics;May-25;15263
African Global Plastics;Jun-25;11722,16
African Global Plastics;Jul-25;3209
African Global Plastics;Aug-25;11143
African Global Plastics;Sept-25;11503
African Global Plastics;Oct-25;12856
African Global Plastics;Nov-25;11518
African Global Plastics;Dec-25;12208
African Global Plastics;Jan-26;14027
African Global Plastics;Feb-26;12261
African Global Plastics;Mar-26;10788
African Global Plastics;Apr-26;9392,09
African Global Plastics;May-26;11425,9
African Global Plastics;Jun-26;
African Global Plastics;Jul-26;
African Global Plastics;Aug-26;
African Global Plastics;Sept-26;
African Global Plastics;Oct-26;
African Global Plastics;Nov-26;
African Global Plastics;Dec-26;
Alpine Heath Residential ;Jan-24;
Alpine Heath Residential ;Feb-24;
Alpine Heath Residential ;Mar-24;
Alpine Heath Residential ;Apr-24;
Alpine Heath Residential ;May-24;
Alpine Heath Residential ;Jun-24;
Alpine Heath Residential ;Jul-24;
Alpine Heath Residential ;Aug-24;
Alpine Heath Residential ;Sept-24;
Alpine Heath Residential ;Oct-24;
Alpine Heath Residential ;Nov-24;
Alpine Heath Residential ;Dec-24;
Alpine Heath Residential ;Jan-25;2400
Alpine Heath Residential ;Feb-25;3000
Alpine Heath Residential ;Mar-25;3144
Alpine Heath Residential ;Apr-25;2310
Alpine Heath Residential ;May-25;3866
Alpine Heath Residential ;Jun-25;3102
Alpine Heath Residential ;Jul-25;
Alpine Heath Residential ;Aug-25;4721
Alpine Heath Residential ;Sept-25;4200
Alpine Heath Residential ;Oct-25;3499
Alpine Heath Residential ;Nov-25;4045
Alpine Heath Residential ;Dec-25;4277
Alpine Heath Residential ;Jan-26;3071
Alpine Heath Residential ;Feb-26;3013
Alpine Heath Residential ;Mar-26;2340,8
Alpine Heath Residential ;Apr-26;1505,4
Alpine Heath Residential ;May-26;1467
Alpine Heath Residential ;Jun-26;2778
Alpine Heath Residential ;Jul-26;
Alpine Heath Residential ;Aug-26;
Alpine Heath Residential ;Sept-26;
Alpine Heath Residential ;Oct-26;
Alpine Heath Residential ;Nov-26;
Alpine Heath Residential ;Dec-26;
BP Parys ;Jan-24;
BP Parys ;Feb-24;
BP Parys ;Mar-24;
BP Parys ;Apr-24;
BP Parys ;May-24;
BP Parys ;Jun-24;
BP Parys ;Jul-24;
BP Parys ;Aug-24;
BP Parys ;Sept-24;
BP Parys ;Oct-24;
BP Parys ;Nov-24;
BP Parys ;Dec-24;
BP Parys ;Jan-25;5900
BP Parys ;Feb-25;4277
BP Parys ;Mar-25;4770
BP Parys ;Apr-25;3375
BP Parys ;May-25;3507
BP Parys ;Jun-25;2400
BP Parys ;Jul-25;2169
BP Parys ;Aug-25;968,6
BP Parys ;Sept-25;2001,5
BP Parys ;Oct-25;3111
BP Parys ;Nov-25;1605
BP Parys ;Dec-25;
BP Parys ;Jan-26;
BP Parys ;Feb-26;6068
BP Parys ;Mar-26;4800
BP Parys ;Apr-26;4318
BP Parys ;May-26;3727,7
BP Parys ;Jun-26;
BP Parys ;Jul-26;
BP Parys ;Aug-26;
BP Parys ;Sept-26;
BP Parys ;Oct-26;
BP Parys ;Nov-26;
BP Parys ;Dec-26;
Bendstore Plaza Shops;Jan-24;7453
Bendstore Plaza Shops;Feb-24;10174
Bendstore Plaza Shops;Mar-24;12197
Bendstore Plaza Shops;Apr-24;9850
Bendstore Plaza Shops;May-24;10329
Bendstore Plaza Shops;Jun-24;9684
Bendstore Plaza Shops;Jul-24;10193
Bendstore Plaza Shops;Aug-24;9840
Bendstore Plaza Shops;Sept-24;3277
Bendstore Plaza Shops;Oct-24;12496
Bendstore Plaza Shops;Nov-24;12909
Bendstore Plaza Shops;Dec-24;12587
Bendstore Plaza Shops;Jan-25;13816
Bendstore Plaza Shops;Feb-25;11397
Bendstore Plaza Shops;Mar-25;12740
Bendstore Plaza Shops;Apr-25;9167
Bendstore Plaza Shops;May-25;9630
Bendstore Plaza Shops;Jun-25;9081,44
Bendstore Plaza Shops;Jul-25;9450
Bendstore Plaza Shops;Aug-25;10695
Bendstore Plaza Shops;Sept-25;8585
Bendstore Plaza Shops;Oct-25;9077,9
Bendstore Plaza Shops;Nov-25;10382
Bendstore Plaza Shops;Dec-25;13631
Bendstore Plaza Shops;Jan-26;11296
Bendstore Plaza Shops;Feb-26;11241,78046
Bendstore Plaza Shops;Mar-26;10628
Bendstore Plaza Shops;Apr-26;8541,19
Bendstore Plaza Shops;May-26;9563,61
Bendstore Plaza Shops;Jun-26;
Bendstore Plaza Shops;Jul-26;
Bendstore Plaza Shops;Aug-26;
Bendstore Plaza Shops;Sept-26;
Bendstore Plaza Shops;Oct-26;
Bendstore Plaza Shops;Nov-26;
Bendstore Plaza Shops;Dec-26;
Bendstore Spar;Jan-24;55000
Bendstore Spar;Feb-24;46799
Bendstore Spar;Mar-24;40582
Bendstore Spar;Apr-24;39615
Bendstore Spar;May-24;39494
Bendstore Spar;Jun-24;35378
Bendstore Spar;Jul-24;38293
Bendstore Spar;Aug-24;38554
Bendstore Spar;Sept-24;37782
Bendstore Spar;Oct-24;47662
Bendstore Spar;Nov-24;48184
Bendstore Spar;Dec-24;44138
Bendstore Spar;Jan-25;52262
Bendstore Spar;Feb-25;40904
Bendstore Spar;Mar-25;45751
Bendstore Spar;Apr-25;30758
Bendstore Spar;May-25;34925
Bendstore Spar;Jun-25;29716,71
Bendstore Spar;Jul-25;27958
Bendstore Spar;Aug-25;30682
Bendstore Spar;Sept-25;44171
Bendstore Spar;Oct-25;53279
Bendstore Spar;Nov-25;44434
Bendstore Spar;Dec-25;54661
Bendstore Spar;Jan-26;47457
Bendstore Spar;Feb-26;49608,85332
Bendstore Spar;Mar-26;41208
Bendstore Spar;Apr-26;36936,35
Bendstore Spar;May-26;38743,02
Bendstore Spar;Jun-26;
Bendstore Spar;Jul-26;
Bendstore Spar;Aug-26;
Bendstore Spar;Sept-26;
Bendstore Spar;Oct-26;
Bendstore Spar;Nov-26;
Bendstore Spar;Dec-26;
Beyerskloof;Jan-24;8244
Beyerskloof;Feb-24;7277
Beyerskloof;Mar-24;6614
Beyerskloof;Apr-24;4053
Beyerskloof;May-24;3743
Beyerskloof;Jun-24;3473
Beyerskloof;Jul-24;4260
Beyerskloof;Aug-24;5497
Beyerskloof;Sept-24;2600
Beyerskloof;Oct-24;8200
Beyerskloof;Nov-24;6700
Beyerskloof;Dec-24;8100
Beyerskloof;Jan-25;9900
Beyerskloof;Feb-25;9200
Beyerskloof;Mar-25;4480
Beyerskloof;Apr-25;4096
Beyerskloof;May-25;3388
Beyerskloof;Jun-25;2306,13
Beyerskloof;Jul-25;2919
Beyerskloof;Aug-25;5355
Beyerskloof;Sept-25;8600
Beyerskloof;Oct-25;10599
Beyerskloof;Nov-25;12569
Beyerskloof;Dec-25;13572
Beyerskloof;Jan-26;13416
Beyerskloof;Feb-26;10034,177
Beyerskloof;Mar-26;10400
Beyerskloof;Apr-26;7344,6
Beyerskloof;May-26;5508,9
Beyerskloof;Jun-26;
Beyerskloof;Jul-26;
Beyerskloof;Aug-26;
Beyerskloof;Sept-26;
Beyerskloof;Oct-26;
Beyerskloof;Nov-26;
Beyerskloof;Dec-26;
Buffalo Rock;Jan-24;
Buffalo Rock;Feb-24;
Buffalo Rock;Mar-24;
Buffalo Rock;Apr-24;
Buffalo Rock;May-24;
Buffalo Rock;Jun-24;
Buffalo Rock;Jul-24;
Buffalo Rock;Aug-24;
Buffalo Rock;Sept-24;
Buffalo Rock;Oct-24;
Buffalo Rock;Nov-24;
Buffalo Rock;Dec-24;
Buffalo Rock;Jan-25;
Buffalo Rock;Feb-25;
Buffalo Rock;Mar-25;
Buffalo Rock;Apr-25;
Buffalo Rock;May-25;
Buffalo Rock;Jun-25;
Buffalo Rock;Jul-25;
Buffalo Rock;Aug-25;
Buffalo Rock;Sept-25;
Buffalo Rock;Oct-25;1109
Buffalo Rock;Nov-25;
Buffalo Rock;Dec-25;
Buffalo Rock;Jan-26;
Buffalo Rock;Feb-26;
Buffalo Rock;Mar-26;
Buffalo Rock;Apr-26;
Buffalo Rock;May-26;
Buffalo Rock;Jun-26;
Buffalo Rock;Jul-26;
Buffalo Rock;Aug-26;
Buffalo Rock;Sept-26;
Buffalo Rock;Oct-26;
Buffalo Rock;Nov-26;
Buffalo Rock;Dec-26;
Checkers De Aar;Jan-24;
Checkers De Aar;Feb-24;
Checkers De Aar;Mar-24;
Checkers De Aar;Apr-24;
Checkers De Aar;May-24;
Checkers De Aar;Jun-24;
Checkers De Aar;Jul-24;
Checkers De Aar;Aug-24;
Checkers De Aar;Sept-24;
Checkers De Aar;Oct-24;
Checkers De Aar;Nov-24;
Checkers De Aar;Dec-24;
Checkers De Aar;Jan-25;31100
Checkers De Aar;Feb-25;23180
Checkers De Aar;Mar-25;20838
Checkers De Aar;Apr-25;16626
Checkers De Aar;May-25;15218
Checkers De Aar;Jun-25;12425,8
Checkers De Aar;Jul-25;13246
Checkers De Aar;Aug-25;16953
Checkers De Aar;Sept-25;19367
Checkers De Aar;Oct-25;25648,18
Checkers De Aar;Nov-25;26677
Checkers De Aar;Dec-25;30286
Checkers De Aar;Jan-26;30117
Checkers De Aar;Feb-26;22084
Checkers De Aar;Mar-26;22201
Checkers De Aar;Apr-26;16660,7
Checkers De Aar;May-26;13372,29
Checkers De Aar;Jun-26;
Checkers De Aar;Jul-26;
Checkers De Aar;Aug-26;
Checkers De Aar;Sept-26;
Checkers De Aar;Oct-26;
Checkers De Aar;Nov-26;
Checkers De Aar;Dec-26;
Checkers Silverlakes Gen;Jan-24;
Checkers Silverlakes Gen;Feb-24;
Checkers Silverlakes Gen;Mar-24;
Checkers Silverlakes Gen;Apr-24;
Checkers Silverlakes Gen;May-24;
Checkers Silverlakes Gen;Jun-24;
Checkers Silverlakes Gen;Jul-24;
Checkers Silverlakes Gen;Aug-24;
Checkers Silverlakes Gen;Sept-24;
Checkers Silverlakes Gen;Oct-24;
Checkers Silverlakes Gen;Nov-24;
Checkers Silverlakes Gen;Dec-24;
Checkers Silverlakes Gen;Jan-25;
Checkers Silverlakes Gen;Feb-25;
Checkers Silverlakes Gen;Mar-25;17913
Checkers Silverlakes Gen;Apr-25;14938
Checkers Silverlakes Gen;May-25;18066
Checkers Silverlakes Gen;Jun-25;12974,1
Checkers Silverlakes Gen;Jul-25;13938
Checkers Silverlakes Gen;Aug-25;18460
Checkers Silverlakes Gen;Sept-25;17970
Checkers Silverlakes Gen;Oct-25;22232
Checkers Silverlakes Gen;Nov-25;17351
Checkers Silverlakes Gen;Dec-25;21073
Checkers Silverlakes Gen;Jan-26;22123
Checkers Silverlakes Gen;Feb-26;16600
Checkers Silverlakes Gen;Mar-26;17500
Checkers Silverlakes Gen;Apr-26;15400
Checkers Silverlakes Gen;May-26;15615
Checkers Silverlakes Gen;Jun-26;
Checkers Silverlakes Gen;Jul-26;
Checkers Silverlakes Gen;Aug-26;
Checkers Silverlakes Gen;Sept-26;
Checkers Silverlakes Gen;Oct-26;
Checkers Silverlakes Gen;Nov-26;
Checkers Silverlakes Gen;Dec-26;
Checkers Silverlakes No Gen;Jan-24;
Checkers Silverlakes No Gen;Feb-24;
Checkers Silverlakes No Gen;Mar-24;
Checkers Silverlakes No Gen;Apr-24;
Checkers Silverlakes No Gen;May-24;
Checkers Silverlakes No Gen;Jun-24;
Checkers Silverlakes No Gen;Jul-24;
Checkers Silverlakes No Gen;Aug-24;
Checkers Silverlakes No Gen;Sept-24;
Checkers Silverlakes No Gen;Oct-24;
Checkers Silverlakes No Gen;Nov-24;
Checkers Silverlakes No Gen;Dec-24;
Checkers Silverlakes No Gen;Jan-25;
Checkers Silverlakes No Gen;Feb-25;
Checkers Silverlakes No Gen;Mar-25;16558
Checkers Silverlakes No Gen;Apr-25;13087
Checkers Silverlakes No Gen;May-25;15171
Checkers Silverlakes No Gen;Jun-25;9655,7
Checkers Silverlakes No Gen;Jul-25;10531,6
Checkers Silverlakes No Gen;Aug-25;14730
Checkers Silverlakes No Gen;Sept-25;12165
Checkers Silverlakes No Gen;Oct-25;20277
Checkers Silverlakes No Gen;Nov-25;15371
Checkers Silverlakes No Gen;Dec-25;13568
Checkers Silverlakes No Gen;Jan-26;21287
Checkers Silverlakes No Gen;Feb-26;19200
Checkers Silverlakes No Gen;Mar-26;16030
Checkers Silverlakes No Gen;Apr-26;13700
Checkers Silverlakes No Gen;May-26;13287
Checkers Silverlakes No Gen;Jun-26;
Checkers Silverlakes No Gen;Jul-26;
Checkers Silverlakes No Gen;Aug-26;
Checkers Silverlakes No Gen;Sept-26;
Checkers Silverlakes No Gen;Oct-26;
Checkers Silverlakes No Gen;Nov-26;
Checkers Silverlakes No Gen;Dec-26;
Checkrite Inanda;Jan-24;
Checkrite Inanda;Feb-24;
Checkrite Inanda;Mar-24;
Checkrite Inanda;Apr-24;
Checkrite Inanda;May-24;
Checkrite Inanda;Jun-24;
Checkrite Inanda;Jul-24;
Checkrite Inanda;Aug-24;
Checkrite Inanda;Sept-24;
Checkrite Inanda;Oct-24;
Checkrite Inanda;Nov-24;
Checkrite Inanda;Dec-24;
Checkrite Inanda;Jan-25;8900
Checkrite Inanda;Feb-25;5390
Checkrite Inanda;Mar-25;5378
Checkrite Inanda;Apr-25;3410
Checkrite Inanda;May-25;3628
Checkrite Inanda;Jun-25;5836
Checkrite Inanda;Jul-25;6830
Checkrite Inanda;Aug-25;7659
Checkrite Inanda;Sept-25;5799
Checkrite Inanda;Oct-25;6484,6
Checkrite Inanda;Nov-25;7636
Checkrite Inanda;Dec-25;7000
Checkrite Inanda;Jan-26;6305
Checkrite Inanda;Feb-26;4373,4359
Checkrite Inanda;Mar-26;4958
Checkrite Inanda;Apr-26;6980,52
Checkrite Inanda;May-26;6633,98
Alpine Heath Resort;Jun-26; 25 295 
Checkrite Inanda;Jul-26;
Checkrite Inanda;Aug-26;
Checkrite Inanda;Sept-26;
Checkrite Inanda;Oct-26;
Checkrite Inanda;Nov-26;
Checkrite Inanda;Dec-26;
Club Houghton;Jan-24;3578
Club Houghton;Feb-24;3594
Club Houghton;Mar-24;3674
Club Houghton;Apr-24;3533
Club Houghton;May-24;3191
Club Houghton;Jun-24;2884
Club Houghton;Jul-24;3894
Club Houghton;Aug-24;4058
Club Houghton;Sept-24;3726
Club Houghton;Oct-24;4063
Club Houghton;Nov-24;3998
Club Houghton;Dec-24;3593
Club Houghton;Jan-25;3726
Club Houghton;Feb-25;3060
Club Houghton;Mar-25;3350
Club Houghton;Apr-25;2383
Club Houghton;May-25;3026
Club Houghton;Jun-25;2637,9
Club Houghton;Jul-25;2506
Club Houghton;Aug-25;2144
Club Houghton;Sept-25;2520
Club Houghton;Oct-25;2989
Club Houghton;Nov-25;2384
Club Houghton;Dec-25;2166
Club Houghton;Jan-26;2756
Club Houghton;Feb-26;1526
Club Houghton;Mar-26;1909
Club Houghton;Apr-26;2190,9
Club Houghton;May-26;2313,3
Club Houghton;Jun-26;
Club Houghton;Jul-26;
Club Houghton;Aug-26;
Club Houghton;Sept-26;
Club Houghton;Oct-26;
Club Houghton;Nov-26;
Club Houghton;Dec-26;
Coldstar International;Jan-24;5665
Coldstar International;Feb-24;3554
Coldstar International;Mar-24;1
Coldstar International;Apr-24;1
Coldstar International;May-24;1
Coldstar International;Jun-24;3309
Coldstar International;Jul-24;2293
Coldstar International;Aug-24;1967
Coldstar International;Sept-24;3009
Coldstar International;Oct-24;4500
Coldstar International;Nov-24;3918
Coldstar International;Dec-24;2583
Coldstar International;Jan-25;3426
Coldstar International;Feb-25;3380,46
Coldstar International;Mar-25;3717
Coldstar International;Apr-25;2027
Coldstar International;May-25;3199
Coldstar International;Jun-25;2899,41
Coldstar International;Jul-25;3705
Coldstar International;Aug-25;4242
Coldstar International;Sept-25;3928
Coldstar International;Oct-25;4810
Coldstar International;Nov-25;5556
Coldstar International;Dec-25;5696
Coldstar International;Jan-26;5960
Coldstar International;Feb-26;5548
Coldstar International;Mar-26;5036
Coldstar International;Apr-26;4183,27
Coldstar International;May-26;4320
Coldstar International;Jun-26;
Coldstar International;Jul-26;
Coldstar International;Aug-26;
Coldstar International;Sept-26;
Coldstar International;Oct-26;
Coldstar International;Nov-26;
Coldstar International;Dec-26;
Cultura Fresh;Jan-24;
Cultura Fresh;Feb-24;
Cultura Fresh;Mar-24;
Cultura Fresh;Apr-24;
Cultura Fresh;May-24;
Cultura Fresh;Jun-24;
Cultura Fresh;Jul-24;
Cultura Fresh;Aug-24;
Cultura Fresh;Sept-24;
Cultura Fresh;Oct-24;
Cultura Fresh;Nov-24;
Cultura Fresh;Dec-24;
Cultura Fresh;Jan-25;
Cultura Fresh;Feb-25;
Cultura Fresh;Mar-25;
Cultura Fresh;Apr-25;
Cultura Fresh;May-25;
Cultura Fresh;Jun-25;
Cultura Fresh;Jul-25;
Cultura Fresh;Aug-25;
Cultura Fresh;Sept-25;8715
Cultura Fresh;Oct-25;11487,6
Cultura Fresh;Nov-25;11643
Cultura Fresh;Dec-25;11559
Cultura Fresh;Jan-26;12880
Cultura Fresh;Feb-26;9660
Cultura Fresh;Mar-26;9967
Cultura Fresh;Apr-26;4183
Cultura Fresh;May-26;
Cultura Fresh;Jun-26;
Cultura Fresh;Jul-26;
Cultura Fresh;Aug-26;
Cultura Fresh;Sept-26;
Cultura Fresh;Oct-26;
Cultura Fresh;Nov-26;
Cultura Fresh;Dec-26;
Demco;Jan-24;
Demco;Feb-24;
Demco;Mar-24;
Demco;Apr-24;
Demco;May-24;
Demco;Jun-24;
Demco;Jul-24;
Demco;Aug-24;
Demco;Sept-24;
Demco;Oct-24;
Demco;Nov-24;
Demco;Dec-24;
Demco;Jan-25;17200
Demco;Feb-25;15760
Demco;Mar-25;15700
Demco;Apr-25;10223
Demco;May-25;14225
Demco;Jun-25;14376,5
Demco;Jul-25;15177,99
Demco;Aug-25;16924
Demco;Sept-25;16705
Demco;Oct-25;21308,4
Demco;Nov-25;12744
Demco;Dec-25;7631
Demco;Jan-26;7744,97
Demco;Feb-26;13221
Demco;Mar-26;14695
Demco;Apr-26;14798,11
Demco;May-26;13154,32
Checkrite Inanda;Jun-26;5387,22
Demco;Jul-26;
Demco;Aug-26;
Demco;Sept-26;
Demco;Oct-26;
Demco;Nov-26;
Demco;Dec-26;
Engen Lotus Gardens;Jan-24;
Engen Lotus Gardens;Feb-24;
Engen Lotus Gardens;Mar-24;
Engen Lotus Gardens;Apr-24;
Engen Lotus Gardens;May-24;
Engen Lotus Gardens;Jun-24;
Engen Lotus Gardens;Jul-24;
Engen Lotus Gardens;Aug-24;
Engen Lotus Gardens;Sept-24;
Engen Lotus Gardens;Oct-24;
Engen Lotus Gardens;Nov-24;
Engen Lotus Gardens;Dec-24;
Engen Lotus Gardens;Jan-25;
Engen Lotus Gardens;Feb-25;
Engen Lotus Gardens;Mar-25;
Engen Lotus Gardens;Apr-25;
Engen Lotus Gardens;May-25;
Engen Lotus Gardens;Jun-25;
Engen Lotus Gardens;Jul-25;
Engen Lotus Gardens;Aug-25;
Engen Lotus Gardens;Sept-25;
Engen Lotus Gardens;Oct-25;
Engen Lotus Gardens;Nov-25;
Engen Lotus Gardens;Dec-25;
Engen Lotus Gardens;Jan-26;3245
Engen Lotus Gardens;Feb-26;3122
Engen Lotus Gardens;Mar-26;2817
Engen Lotus Gardens;Apr-26;2735,53
Engen Lotus Gardens;May-26;3239,91
Demco;Jun-26;11956,63
Engen Lotus Gardens;Jul-26;
Engen Lotus Gardens;Aug-26;
Engen Lotus Gardens;Sept-26;
Engen Lotus Gardens;Oct-26;
Engen Lotus Gardens;Nov-26;
Engen Lotus Gardens;Dec-26;
Giba Gorge Main;Jan-24;9736
Giba Gorge Main;Feb-24;8912
Giba Gorge Main;Mar-24;9597
Giba Gorge Main;Apr-24;7950
Giba Gorge Main;May-24;7482
Giba Gorge Main;Jun-24;6656
Giba Gorge Main;Jul-24;11170
Giba Gorge Main;Aug-24;11290
Giba Gorge Main;Sept-24;8578
Giba Gorge Main;Oct-24;12704
Giba Gorge Main;Nov-24;5700
Giba Gorge Main;Dec-24;
Giba Gorge Main;Jan-25;
Giba Gorge Main;Feb-25;
Giba Gorge Main;Mar-25;6684
Giba Gorge Main;Apr-25;3992
Giba Gorge Main;May-25;6009
Giba Gorge Main;Jun-25;5530,9
Giba Gorge Main;Jul-25;6694
Giba Gorge Main;Aug-25;7750
Giba Gorge Main;Sept-25;7031
Giba Gorge Main;Oct-25;9805
Giba Gorge Main;Nov-25;9365
Giba Gorge Main;Dec-25;5379
Giba Gorge Main;Jan-26;4979,16
Giba Gorge Main;Feb-26;2172,67
Giba Gorge Main;Mar-26;350
Giba Gorge Main;Apr-26;194,99
Giba Gorge Main;May-26;
Giba Gorge Main;Jun-26;
Giba Gorge Main;Jul-26;
Giba Gorge Main;Aug-26;
Giba Gorge Main;Sept-26;
Giba Gorge Main;Oct-26;
Giba Gorge Main;Nov-26;
Giba Gorge Main;Dec-26;
Giba Gorge Storage;Jan-24;4830
Giba Gorge Storage;Feb-24;7231
Giba Gorge Storage;Mar-24;5436
Giba Gorge Storage;Apr-24;5158
Giba Gorge Storage;May-24;3827
Giba Gorge Storage;Jun-24;3220
Giba Gorge Storage;Jul-24;5497
Giba Gorge Storage;Aug-24;4475
Giba Gorge Storage;Sept-24;1847
Giba Gorge Storage;Oct-24;1575
Giba Gorge Storage;Nov-24;5700
Giba Gorge Storage;Dec-24;1938
Giba Gorge Storage;Jan-25;5227
Giba Gorge Storage;Feb-25;5137
Giba Gorge Storage;Mar-25;5031
Giba Gorge Storage;Apr-25;3147
Giba Gorge Storage;May-25;4797
Giba Gorge Storage;Jun-25;3255,49
Giba Gorge Storage;Jul-25;5212
Giba Gorge Storage;Aug-25;1743,88
Giba Gorge Storage;Sept-25;4503
Giba Gorge Storage;Oct-25;6159
Giba Gorge Storage;Nov-25;6232
Giba Gorge Storage;Dec-25;5380
Giba Gorge Storage;Jan-26;7601,5
Giba Gorge Storage;Feb-26;6347,07
Giba Gorge Storage;Mar-26;7063
Giba Gorge Storage;Apr-26;4736,87
Giba Gorge Storage;May-26;4375,54
Giba Gorge Storage;Jun-26;
Giba Gorge Storage;Jul-26;
Giba Gorge Storage;Aug-26;
Giba Gorge Storage;Sept-26;
Giba Gorge Storage;Oct-26;
Giba Gorge Storage;Nov-26;
Giba Gorge Storage;Dec-26;
Golden Spot Resort;Jan-24;961
Golden Spot Resort;Feb-24;798
Golden Spot Resort;Mar-24;398
Golden Spot Resort;Apr-24;1334
Golden Spot Resort;May-24;1953
Golden Spot Resort;Jun-24;1657
Golden Spot Resort;Jul-24;1845
Golden Spot Resort;Aug-24;2034
Golden Spot Resort;Sept-24;1982
Golden Spot Resort;Oct-24;2181
Golden Spot Resort;Nov-24;1783
Golden Spot Resort;Dec-24;2366
Golden Spot Resort;Jan-25;2514
Golden Spot Resort;Feb-25;2930
Golden Spot Resort;Mar-25;1758
Golden Spot Resort;Apr-25;1646
Golden Spot Resort;May-25;2386
Golden Spot Resort;Jun-25;1228
Golden Spot Resort;Jul-25;1684
Golden Spot Resort;Aug-25;1766,1
Golden Spot Resort;Sept-25;1960
Golden Spot Resort;Oct-25;2119
Golden Spot Resort;Nov-25;1774
Golden Spot Resort;Dec-25;2120
Golden Spot Resort;Jan-26;647
Golden Spot Resort;Feb-26;1429
Golden Spot Resort;Mar-26;1816
Golden Spot Resort;Apr-26;3513,5
Golden Spot Resort;May-26;3029
Engen Kaalfontein;Jun-26;10169
Golden Spot Resort;Jun-26;2484
Golden Spot Resort;Jul-26;
Golden Spot Resort;Aug-26;
Golden Spot Resort;Sept-26;
Golden Spot Resort;Oct-26;
Golden Spot Resort;Nov-26;
Golden Spot Resort;Dec-26;
Golden Spot Shops;Jan-24;1880
Golden Spot Shops;Feb-24;1559
Golden Spot Shops;Mar-24;1596
Golden Spot Shops;Apr-24;2170
Golden Spot Shops;May-24;2876
Golden Spot Shops;Jun-24;2499
Golden Spot Shops;Jul-24;2895
Golden Spot Shops;Aug-24;3177
Golden Spot Shops;Sept-24;3048
Golden Spot Shops;Oct-24;3449
Golden Spot Shops;Nov-24;3441
Golden Spot Shops;Dec-24;3537
Golden Spot Shops;Jan-25;3700
Golden Spot Shops;Feb-25;2900
Golden Spot Shops;Mar-25;3471
Golden Spot Shops;Apr-25;2668
Golden Spot Shops;May-25;3127
Golden Spot Shops;Jun-25;2748,4
Golden Spot Shops;Jul-25;2501
Golden Spot Shops;Aug-25;299,8
Golden Spot Shops;Sept-25;2705
Golden Spot Shops;Oct-25;2939
Golden Spot Shops;Nov-25;2609
Golden Spot Shops;Dec-25;3364
Golden Spot Shops;Jan-26;3086
Golden Spot Shops;Feb-26;3628
Golden Spot Shops;Mar-26;2909
Golden Spot Shops;Apr-26;2558,1
Golden Spot Shops;May-26;3029,6
Engen Lotus Gardens;Jun-26;2723
Golden Spot Shops;Jul-26;
Golden Spot Shops;Aug-26;
Golden Spot Shops;Sept-26;
Golden Spot Shops;Oct-26;
Golden Spot Shops;Nov-26;
Golden Spot Shops;Dec-26;
Grootpan;Jan-24;
Grootpan;Jan-24;
Grootpan;Feb-24;
Grootpan;Feb-24;
Grootpan;Mar-24;
Grootpan;Mar-24;
Grootpan;Apr-24;
Grootpan;Apr-24;
Grootpan;May-24;
Grootpan;May-24;
Grootpan;Jun-24;
Grootpan;Jun-24;
Grootpan;Jul-24;
Grootpan;Jul-24;
Grootpan;Aug-24;
Grootpan;Aug-24;
Grootpan;Sept-24;
Grootpan;Sept-24;
Grootpan;Oct-24;
Grootpan;Oct-24;
Grootpan;Nov-24;
Grootpan;Nov-24;
Grootpan;Dec-24;
Grootpan;Dec-24;
Grootpan;Jan-25;
Grootpan;Jan-25;
Grootpan;Feb-25;
Grootpan;Feb-25;
Grootpan;Mar-25;
Grootpan;Mar-25;
Grootpan;Apr-25;
Grootpan;Apr-25;
Grootpan;May-25;
Grootpan;May-25;
Grootpan;Jun-25;
Grootpan;Jun-25;
Grootpan;Jul-25;
Grootpan;Jul-25;
Grootpan;Aug-25;
Grootpan;Aug-25;
Grootpan;Sept-25;
Grootpan;Sept-25;
Grootpan;Oct-25;
Grootpan;Oct-25;
Grootpan;Nov-25;
Grootpan;Nov-25;
Grootpan;Dec-25;
Grootpan;Dec-25;
Grootpan;Jan-26;
Grootpan;Jan-26;
Grootpan;Feb-26;
Grootpan;Feb-26;
Grootpan;Mar-26;2780
Grootpan;Mar-26;2780
Grootpan;Apr-26;14950
Grootpan;Apr-26;14950
Grootpan;May-26;6540
Grootpan;May-26;6540
Grootpan;Jun-26;
Grootpan;Jun-26;
Grootpan;Jul-26;
Grootpan;Jul-26;
Grootpan;Aug-26;
Grootpan;Aug-26;
Grootpan;Sept-26;
Grootpan;Sept-26;
Grootpan;Oct-26;
Grootpan;Oct-26;
Grootpan;Nov-26;
Grootpan;Nov-26;
Grootpan;Dec-26;
Grootpan;Dec-26;
HB Dunn;Jan-24;
HB Dunn;Feb-24;
HB Dunn;Mar-24;
HB Dunn;Apr-24;
HB Dunn;May-24;
HB Dunn;Jun-24;1659
HB Dunn;Jul-24;2542
HB Dunn;Aug-24;2833
HB Dunn;Sept-24;2688
HB Dunn;Oct-24;3664
HB Dunn;Nov-24;3499
HB Dunn;Dec-24;2842
HB Dunn;Jan-25;3075
HB Dunn;Feb-25;3328
HB Dunn;Mar-25;2317
HB Dunn;Apr-25;3007
HB Dunn;May-25;3516
HB Dunn;Jun-25;2912,8
HB Dunn;Jul-25;2789
HB Dunn;Aug-25;3342
HB Dunn;Sept-25;3079
HB Dunn;Oct-25;3708
HB Dunn;Nov-25;2852
HB Dunn;Dec-25;2386
HB Dunn;Jan-26;1855
HB Dunn;Feb-26;3786
HB Dunn;Mar-26;2926
HB Dunn;Apr-26;1520
HB Dunn;May-26;2675,6
HB Dunn;Jun-26;
HB Dunn;Jul-26;
HB Dunn;Aug-26;
HB Dunn;Sept-26;
HB Dunn;Oct-26;
HB Dunn;Nov-26;
HB Dunn;Dec-26;
Helderberg Collage ;Jan-24;32658
Helderberg Collage ;Feb-24;26200
Helderberg Collage ;Mar-24;23764
Helderberg Collage ;Apr-24;17748
Helderberg Collage ;May-24;12623
Helderberg Collage ;Jun-24;9466
Helderberg Collage ;Jul-24;8265
Helderberg Collage ;Aug-24;14669
Helderberg Collage ;Sept-24;20334
Helderberg Collage ;Oct-24;26318
Helderberg Collage ;Nov-24;29589
Helderberg Collage ;Dec-24;31807
Helderberg Collage ;Jan-25;32545
Helderberg Collage ;Feb-25;20706
Helderberg Collage ;Mar-25;16650
Helderberg Collage ;Apr-25;13216
Helderberg Collage ;May-25;8710
Helderberg Collage ;Jun-25;7500,92
Helderberg Collage ;Jul-25;9649
Helderberg Collage ;Aug-25;13424
Helderberg Collage ;Sept-25;19447
Helderberg Collage ;Oct-25;33678
Helderberg Collage ;Nov-25;40164
Helderberg Collage ;Dec-25;42482
Helderberg Collage ;Jan-26;40719
Helderberg Collage ;Feb-26;29862
Helderberg Collage ;Mar-26;30793
Helderberg Collage ;Apr-26;19657,41
Helderberg Collage ;May-26;14538,69
Helderberg Collage ;Jun-26;
Helderberg Collage ;Jul-26;
Helderberg Collage ;Aug-26;
Helderberg Collage ;Sept-26;
Helderberg Collage ;Oct-26;
Helderberg Collage ;Nov-26;
Helderberg Collage ;Dec-26;
Hilston Rotoflo;Jan-24;17880
Hilston Rotoflo;Feb-24;18790
Hilston Rotoflo;Mar-24;22610
Hilston Rotoflo;Apr-24;20030
Hilston Rotoflo;May-24;17820
Hilston Rotoflo;Jun-24;11000
Hilston Rotoflo;Jul-24;17460
Hilston Rotoflo;Aug-24;24290
Hilston Rotoflo;Sept-24;22510
Hilston Rotoflo;Oct-24;31780
Hilston Rotoflo;Nov-24;30100
Hilston Rotoflo;Dec-24;17966
Hilston Rotoflo;Jan-25;20808
Hilston Rotoflo;Feb-25;21538
Hilston Rotoflo;Mar-25;22662
Hilston Rotoflo;Apr-25;17413
Hilston Rotoflo;May-25;20430
Hilston Rotoflo;Jun-25;18398,74
Hilston Rotoflo;Jul-25;19115
Hilston Rotoflo;Aug-25;21942
Hilston Rotoflo;Sept-25;21707
Hilston Rotoflo;Oct-25;28392
Hilston Rotoflo;Nov-25;24635
Hilston Rotoflo;Dec-25;13946
Hilston Rotoflo;Jan-26;25775
Hilston Rotoflo;Feb-26;24391
Hilston Rotoflo;Mar-26;22838
Hilston Rotoflo;Apr-26;19038,02
Hilston Rotoflo;May-26;19892
Hilston Rotoflo;Jul-26;
Hilston Rotoflo;Aug-26;
Hilston Rotoflo;Sept-26;
Hilston Rotoflo;Oct-26;
Hilston Rotoflo;Nov-26;
Hilston Rotoflo;Dec-26;
Huis Herfsblaar;Jan-24;
Huis Herfsblaar;Feb-24;
Huis Herfsblaar;Mar-24;
Huis Herfsblaar;Apr-24;
Huis Herfsblaar;May-24;
Huis Herfsblaar;Jun-24;5360
Huis Herfsblaar;Jul-24;22610
Huis Herfsblaar;Aug-24;23490
Huis Herfsblaar;Sept-24;20740
Huis Herfsblaar;Oct-24;32140
Huis Herfsblaar;Nov-24;32300
Huis Herfsblaar;Dec-24;29734
Huis Herfsblaar;Jan-25;30000
Huis Herfsblaar;Feb-25;20560
Huis Herfsblaar;Mar-25;19975
Huis Herfsblaar;Apr-25;19104
Huis Herfsblaar;May-25;23300
Huis Herfsblaar;Jun-25;17947,87
Huis Herfsblaar;Jul-25;13847
Huis Herfsblaar;Aug-25;22606
Huis Herfsblaar;Sept-25;23653
Huis Herfsblaar;Oct-25;29483
Huis Herfsblaar;Nov-25;22193
Huis Herfsblaar;Dec-25;27897
Huis Herfsblaar;Jan-26;26300
Huis Herfsblaar;Feb-26;27127,919
Huis Herfsblaar;Mar-26;23100
Huis Herfsblaar;Apr-26;19981,06
Huis Herfsblaar;May-26;20533,1
Golden Spot Shops;Jun-26; 2 477,00 
Huis Herfsblaar;Jul-26;
Huis Herfsblaar;Aug-26;
Huis Herfsblaar;Sept-26;
Huis Herfsblaar;Oct-26;
Huis Herfsblaar;Nov-26;
Huis Herfsblaar;Dec-26;
IPID - Floor 4;Jan-24;
IPID - Floor 4;Feb-24;
IPID - Floor 4;Mar-24;
IPID - Floor 4;Apr-24;
IPID - Floor 4;May-24;
IPID - Floor 4;Jun-24;
IPID - Floor 4;Jul-24;
IPID - Floor 4;Aug-24;
IPID - Floor 4;Sept-24;
IPID - Floor 4;Oct-24;
IPID - Floor 4;Nov-24;
IPID - Floor 4;Dec-24;
IPID - Floor 4;Jan-25;
IPID - Floor 4;Feb-25;
IPID - Floor 4;Mar-25;
IPID - Floor 4;Apr-25;
IPID - Floor 4;May-25;
IPID - Floor 4;Jun-25;
IPID - Floor 4;Jul-25;
IPID - Floor 4;Aug-25;
IPID - Floor 4;Sept-25;
IPID - Floor 4;Oct-25;
IPID - Floor 4;Nov-25;
IPID - Floor 4;Dec-25;5820
IPID - Floor 4;Jan-26;7914
IPID - Floor 4;Feb-26;8094
IPID - Floor 4;Mar-26;6511
IPID - Floor 4;Apr-26;6094,6
IPID - Floor 4;May-26;7117,7
Hilston Rotoflo;Jun-26;13234
IPID - Floor 4;Jul-26;
IPID - Floor 4;Aug-26;
IPID - Floor 4;Sept-26;
IPID - Floor 4;Oct-26;
IPID - Floor 4;Nov-26;
IPID - Floor 4;Dec-26;
IPID - Floor 6;Jan-24;
IPID - Floor 6;Feb-24;
IPID - Floor 6;Mar-24;
IPID - Floor 6;Apr-24;
IPID - Floor 6;May-24;
IPID - Floor 6;Jun-24;
IPID - Floor 6;Jul-24;
IPID - Floor 6;Aug-24;
IPID - Floor 6;Sept-24;
IPID - Floor 6;Oct-24;
IPID - Floor 6;Nov-24;
IPID - Floor 6;Dec-24;
IPID - Floor 6;Jan-25;
IPID - Floor 6;Feb-25;
IPID - Floor 6;Mar-25;
IPID - Floor 6;Apr-25;
IPID - Floor 6;May-25;
IPID - Floor 6;Jun-25;
IPID - Floor 6;Jul-25;
IPID - Floor 6;Aug-25;
IPID - Floor 6;Sept-25;
IPID - Floor 6;Oct-25;
IPID - Floor 6;Nov-25;
IPID - Floor 6;Dec-25;5820
IPID - Floor 6;Jan-26;5904
IPID - Floor 6;Feb-26;5406
IPID - Floor 6;Mar-26;4115
IPID - Floor 6;Apr-26;4377
IPID - Floor 6;May-26;4300
Huis Herfsblaar;Jun-26;15001,1
IPID - Floor 6;Jul-26;
IPID - Floor 6;Aug-26;
IPID - Floor 6;Sept-26;
IPID - Floor 6;Oct-26;
IPID - Floor 6;Nov-26;
IPID - Floor 6;Dec-26;
Kool Village ;Jan-24;13629
Kool Village ;Feb-24;12014
Kool Village ;Mar-24;12428
Kool Village ;Apr-24;9084
Kool Village ;May-24;8049
Kool Village ;Jun-24;6600
Kool Village ;Jul-24;7832
Kool Village ;Aug-24;8766
Kool Village ;Sept-24;9208
Kool Village ;Oct-24;12879
Kool Village ;Nov-24;13410
Kool Village ;Dec-24;13869
Kool Village ;Jan-25;13136
Kool Village ;Feb-25;10624
Kool Village ;Mar-25;10420
Kool Village ;Apr-25;7391
Kool Village ;May-25;7947
Kool Village ;Jun-25;6390,63
Kool Village ;Jul-25;7146
Kool Village ;Aug-25;7396
Kool Village ;Sept-25;8160
Kool Village ;Oct-25;10866
Kool Village ;Nov-25;10612
Kool Village ;Dec-25;11236
Kool Village ;Jan-26;13357
Kool Village ;Feb-26;9365
Kool Village ;Mar-26;7814
Kool Village ;Apr-26;5599,56
Kool Village ;May-26;5867,76
Kool Village ;Jun-26;
Kool Village ;Jul-26;
Kool Village ;Aug-26;
Kool Village ;Sept-26;
Kool Village ;Oct-26;
Kool Village ;Nov-26;
Kool Village ;Dec-26;
Makalali;Jan-24;
Makalali;Feb-24;
Makalali;Mar-24;
Makalali;Apr-24;
Makalali;May-24;
Makalali;Jun-24;
Makalali;Jul-24;
Makalali;Aug-24;
Makalali;Sept-24;
Makalali;Oct-24;
Makalali;Nov-24;
Makalali;Dec-24;
Makalali;Jan-25;
Makalali;Feb-25;
Makalali;Mar-25;
Makalali;Apr-25;
Makalali;May-25;
Makalali;Jun-25;
Makalali;Jul-25;
Makalali;Aug-25;
Makalali;Sept-25;
Makalali;Oct-25;
Makalali;Nov-25;
Makalali;Dec-25;
Makalali;Jan-26;13394
Makalali;Feb-26;16065
Makalali;Mar-26;733
Makalali;Apr-26;4797,7
Makalali;May-26;5970,07
Makalali;Jun-26;
Makalali;Jul-26;
Makalali;Aug-26;
Makalali;Sept-26;
Makalali;Oct-26;
Makalali;Nov-26;
Makalali;Dec-26;
Mambha Cash & Carry;Jan-24;18892
Mambha Cash & Carry;Feb-24;18598
Mambha Cash & Carry;Mar-24;18598
Mambha Cash & Carry;Apr-24;15678
Mambha Cash & Carry;May-24;14588
Mambha Cash & Carry;Jun-24;12745
Mambha Cash & Carry;Jul-24;14803
Mambha Cash & Carry;Aug-24;15941
Mambha Cash & Carry;Sept-24;13907
Mambha Cash & Carry;Oct-24;19899
Mambha Cash & Carry;Nov-24;18123
Mambha Cash & Carry;Dec-24;18905
Mambha Cash & Carry;Jan-25;19907
Mambha Cash & Carry;Feb-25;15243
Mambha Cash & Carry;Mar-25;17983
Mambha Cash & Carry;Apr-25;13643
Mambha Cash & Carry;May-25;15993
Mambha Cash & Carry;Jun-25;13300,84
Mambha Cash & Carry;Jul-25;12259
Mambha Cash & Carry;Aug-25;14893
Mambha Cash & Carry;Sept-25;13710
Mambha Cash & Carry;Oct-25;17312
Mambha Cash & Carry;Nov-25;19748
Mambha Cash & Carry;Dec-25;19810
Mambha Cash & Carry;Jan-26;21506,5322
Mambha Cash & Carry;Feb-26;21266,5806
Mambha Cash & Carry;Mar-26;18344
Mambha Cash & Carry;Apr-26;14760,15
Mambha Cash & Carry;May-26;14261,66
Mambha Cash & Carry;Jun-26;
Mambha Cash & Carry;Jul-26;
Mambha Cash & Carry;Aug-26;
Mambha Cash & Carry;Sept-26;
Mambha Cash & Carry;Oct-26;
Mambha Cash & Carry;Nov-26;
Mambha Cash & Carry;Dec-26;
Mathe Group Company;Jan-24;52780
Mathe Group Company;Feb-24;40425
Mathe Group Company;Mar-24;52832
Mathe Group Company;Apr-24;46312
Mathe Group Company;May-24;45881
Mathe Group Company;Jun-24;36174
Mathe Group Company;Jul-24;49449
Mathe Group Company;Aug-24;50022
Mathe Group Company;Sept-24;41179
Mathe Group Company;Oct-24;38998
Mathe Group Company;Nov-24;54400
Mathe Group Company;Dec-24;48109
Mathe Group Company;Jan-25;50600
Mathe Group Company;Feb-25;39450
Mathe Group Company;Mar-25;50665
Mathe Group Company;Apr-25;33121
Mathe Group Company;May-25;49152
Mathe Group Company;Jun-25;39999,41
Mathe Group Company;Jul-25;42250
Mathe Group Company;Aug-25;42926
Mathe Group Company;Sept-25;40517,3
Mathe Group Company;Oct-25;46787,68
Mathe Group Company;Nov-25;53245
Mathe Group Company;Dec-25;48360
Mathe Group Company;Jan-26;49681,67136
Mathe Group Company;Feb-26;58060,83388
Mathe Group Company;Mar-26;50832
Mathe Group Company;Apr-26;41412,22
Mathe Group Company;May-26;46300,95
Mathe Group Company;Jun-26;
Mathe Group Company;Jul-26;
Mathe Group Company;Aug-26;
Mathe Group Company;Sept-26;
Mathe Group Company;Oct-26;
Mathe Group Company;Nov-26;
Mathe Group Company;Dec-26;
Mdluli;Jan-24;
Mdluli;Feb-24;
Mdluli;Mar-24;
Mdluli;Apr-24;6916
Mdluli;May-24;14281
Mdluli;Jun-24;12149
Mdluli;Jul-24;15601
Mdluli;Aug-24;7706
Mdluli;Sept-24;1
Mdluli;Oct-24;7310
Mdluli;Nov-24;13770
Mdluli;Dec-24;
Mdluli;Jan-25;4700
Mdluli;Feb-25;12300
Mdluli;Mar-25;13554
Mdluli;Apr-25;9839
Mdluli;May-25;
Mdluli;Jun-25;12605,8
Mdluli;Jul-25;8064
Mdluli;Aug-25;13494
Mdluli;Sept-25;11744,7
Mdluli;Oct-25;13202
Mdluli;Nov-25;10765
Mdluli;Dec-25;13231
Mdluli;Jan-26;11720,01
Mdluli;Feb-26;15533
Mdluli;Mar-26;12559
Mdluli;Apr-26;11577,01
Mdluli;May-26;13966,89
IPID - Floor 4;Jun-26;5909
Mdluli;Jul-26;
Mdluli;Aug-26;
Mdluli;Sept-26;
Mdluli;Oct-26;
Mdluli;Nov-26;
Mdluli;Dec-26;
Medipost;Jan-24;
Medipost;Feb-24;
Medipost;Mar-24;
Medipost;Apr-24;
Medipost;May-24;
Medipost;Jun-24;
Medipost;Jul-24;
Medipost;Aug-24;
Medipost;Sept-24;
Medipost;Oct-24;
Medipost;Nov-24;
Medipost;Dec-24;
Medipost;Jan-25;
Medipost;Feb-25;
Medipost;Mar-25;
Medipost;Apr-25;
Medipost;May-25;
Medipost;Jun-25;
Medipost;Jul-25;
Medipost;Aug-25;
Medipost;Sept-25;
Medipost;Oct-25;
Medipost;Nov-25;
Medipost;Dec-25;44400
Medipost;Jan-26;44972,3
Medipost;Feb-26;44384
Medipost;Mar-26;42181
Medipost;Apr-26;29438,84
Medipost;May-26;20478,6
Medipost;Jun-26;
Medipost;Jul-26;
Medipost;Aug-26;
Medipost;Sept-26;
Medipost;Oct-26;
Medipost;Nov-26;
Medipost;Dec-26;
Meredale Heights ;Jan-24;3824
Meredale Heights ;Feb-24;3746
Meredale Heights ;Mar-24;3799
Meredale Heights ;Apr-24;3854
Meredale Heights ;May-24;4391
Meredale Heights ;Jun-24;4167
Meredale Heights ;Jul-24;4515
Meredale Heights ;Aug-24;4113
Meredale Heights ;Sept-24;3620
Meredale Heights ;Oct-24;4760
Meredale Heights ;Nov-24;3916
Meredale Heights ;Dec-24;4124
Meredale Heights ;Jan-25;3080
Meredale Heights ;Feb-25;2400
Meredale Heights ;Mar-25;2832
Meredale Heights ;Apr-25;2690
Meredale Heights ;May-25;3597
Meredale Heights ;Jun-25;4831,17
Meredale Heights ;Jul-25;5152
Meredale Heights ;Aug-25;5913
Meredale Heights ;Sept-25;5163
Meredale Heights ;Oct-25;5859
Meredale Heights ;Nov-25;4665
Meredale Heights ;Dec-25;5472
Meredale Heights ;Jan-26;5579,67
Meredale Heights ;Feb-26;4787
Meredale Heights ;Mar-26;4406
Meredale Heights ;Apr-26;4506,8
Meredale Heights ;May-26;5143,42
IPID - Floor 6;Jun-26;3139,7
Meredale Heights ;Jul-26;
Meredale Heights ;Aug-26;
Meredale Heights ;Sept-26;
Meredale Heights ;Oct-26;
Meredale Heights ;Nov-26;
Meredale Heights ;Dec-26;
Monument Park Checkers;Jan-24;
Monument Park Checkers;Feb-24;
Monument Park Checkers;Mar-24;41550,8
Monument Park Checkers;Apr-24;25447,6
Monument Park Checkers;May-24;28056
Monument Park Checkers;Jun-24;27241
Monument Park Checkers;Jul-24;31078
Monument Park Checkers;Aug-24;33515
Monument Park Checkers;Sept-24;34245
Monument Park Checkers;Oct-24;46108
Monument Park Checkers;Nov-24;42922
Monument Park Checkers;Dec-24;44138
Monument Park Checkers;Jan-25;41100
Monument Park Checkers;Feb-25;30900
Monument Park Checkers;Mar-25;31593
Monument Park Checkers;Apr-25;25646
Monument Park Checkers;May-25;33184
Monument Park Checkers;Jun-25;29359,5
Monument Park Checkers;Jul-25;23487
Monument Park Checkers;Aug-25;34316
Monument Park Checkers;Sept-25;33632,7
Monument Park Checkers;Oct-25;41353
Monument Park Checkers;Nov-25;44434
Monument Park Checkers;Dec-25;40551
Monument Park Checkers;Jan-26;42821
Monument Park Checkers;Feb-26;39129
Monument Park Checkers;Mar-26;31935
Monument Park Checkers;Apr-26;26513,02
Monument Park Checkers;May-26;29984,36
Monument Park Checkers;Jun-26;
Monument Park Checkers;Jul-26;
Monument Park Checkers;Aug-26;
Monument Park Checkers;Sept-26;
Monument Park Checkers;Oct-26;
Monument Park Checkers;Nov-26;
Monument Park Checkers;Dec-26;
Nkambeni Industrial;Jan-24;
Nkambeni Industrial;Feb-24;
Nkambeni Industrial;Mar-24;
Nkambeni Industrial;Apr-24;
Nkambeni Industrial;May-24;
Nkambeni Industrial;Jun-24;
Nkambeni Industrial;Jul-24;
Nkambeni Industrial;Aug-24;
Nkambeni Industrial;Sept-24;
Nkambeni Industrial;Oct-24;
Nkambeni Industrial;Nov-24;
Nkambeni Industrial;Dec-24;
Nkambeni Industrial;Jan-25;21130
Nkambeni Industrial;Feb-25;17140
Nkambeni Industrial;Mar-25;
Nkambeni Industrial;Apr-25;
Nkambeni Industrial;May-25;
Nkambeni Industrial;Jun-25;
Nkambeni Industrial;Jul-25;
Nkambeni Industrial;Aug-25;
Nkambeni Industrial;Sept-25;
Nkambeni Industrial;Oct-25;
Nkambeni Industrial;Nov-25;
Nkambeni Industrial;Dec-25;
Nkambeni Industrial;Jan-26;9830
Nkambeni Industrial;Feb-26;20200
Nkambeni Industrial;Mar-26;16198
Nkambeni Industrial;Apr-26;
Nkambeni Industrial;May-26;
Nkambeni Industrial;Jun-26;
Nkambeni Industrial;Jul-26;
Nkambeni Industrial;Aug-26;
Nkambeni Industrial;Sept-26;
Nkambeni Industrial;Oct-26;
Nkambeni Industrial;Nov-26;
Nkambeni Industrial;Dec-26;
Olievenhoutbosch 1;Jan-24;
Olievenhoutbosch 1;Feb-24;
Olievenhoutbosch 1;Mar-24;
Olievenhoutbosch 1;Apr-24;
Olievenhoutbosch 1;May-24;
Olievenhoutbosch 1;Jun-24;
Olievenhoutbosch 1;Jul-24;
Olievenhoutbosch 1;Aug-24;
Olievenhoutbosch 1;Sept-24;
Olievenhoutbosch 1;Oct-24;
Olievenhoutbosch 1;Nov-24;
Olievenhoutbosch 1;Dec-24;
Olievenhoutbosch 1;Jan-25;
Olievenhoutbosch 1;Feb-25;
Olievenhoutbosch 1;Mar-25;
Olievenhoutbosch 1;Apr-25;
Olievenhoutbosch 1;May-25;
Olievenhoutbosch 1;Jun-25;
Olievenhoutbosch 1;Jul-25;
Olievenhoutbosch 1;Aug-25;
Olievenhoutbosch 1;Sept-25;
Olievenhoutbosch 1;Oct-25;42200
Olievenhoutbosch 1;Nov-25;37652
Olievenhoutbosch 1;Dec-25;32569
Olievenhoutbosch 1;Jan-26;43979,9977
Olievenhoutbosch 1;Feb-26;35538,4873
Olievenhoutbosch 1;Mar-26;34079
Olievenhoutbosch 1;Apr-26;26385,27
Olievenhoutbosch 1;May-26;29535,2
Mdluli;Jun-26;11309,7
Olievenhoutbosch 1;Jul-26;
Olievenhoutbosch 1;Aug-26;
Olievenhoutbosch 1;Sept-26;
Olievenhoutbosch 1;Oct-26;
Olievenhoutbosch 1;Nov-26;
Olievenhoutbosch 1;Dec-26;
Olievenhoutbosch 2;Jan-24;
Olievenhoutbosch 2;Feb-24;
Olievenhoutbosch 2;Mar-24;
Olievenhoutbosch 2;Apr-24;
Olievenhoutbosch 2;May-24;
Olievenhoutbosch 2;Jun-24;
Olievenhoutbosch 2;Jul-24;
Olievenhoutbosch 2;Aug-24;
Olievenhoutbosch 2;Sept-24;
Olievenhoutbosch 2;Oct-24;
Olievenhoutbosch 2;Nov-24;
Olievenhoutbosch 2;Dec-24;
Olievenhoutbosch 2;Jan-25;
Olievenhoutbosch 2;Feb-25;
Olievenhoutbosch 2;Mar-25;
Olievenhoutbosch 2;Apr-25;
Olievenhoutbosch 2;May-25;
Olievenhoutbosch 2;Jun-25;
Olievenhoutbosch 2;Jul-25;
Olievenhoutbosch 2;Aug-25;
Olievenhoutbosch 2;Sept-25;
Olievenhoutbosch 2;Oct-25;11800
Olievenhoutbosch 2;Nov-25;9938
Olievenhoutbosch 2;Dec-25;9094
Olievenhoutbosch 2;Jan-26;11835,67402
Olievenhoutbosch 2;Feb-26;9479,82875
Olievenhoutbosch 2;Mar-26;9043
Olievenhoutbosch 2;Apr-26;7039,32
Olievenhoutbosch 2;May-26;8144,81
Meredale Heights ;Jun-26;4820,5
Olievenhoutbosch 2;Jul-26;
Olievenhoutbosch 2;Aug-26;
Olievenhoutbosch 2;Sept-26;
Olievenhoutbosch 2;Oct-26;
Olievenhoutbosch 2;Nov-26;
Olievenhoutbosch 2;Dec-26;
Opal Students ;Jan-24;337
Opal Students ;Feb-24;4222
Opal Students ;Mar-24;5410
Opal Students ;Apr-24;4799
Opal Students ;May-24;4368
Opal Students ;Jun-24;3307
Opal Students ;Jul-24;3819
Opal Students ;Aug-24;5147
Opal Students ;Sept-24;4101
Opal Students ;Oct-24;6591
Opal Students ;Nov-24;4960
Opal Students ;Dec-24;652
Opal Students ;Jan-25;720
Opal Students ;Feb-25;3776
Opal Students ;Mar-25;4415
Opal Students ;Apr-25;3551
Opal Students ;May-25;4580
Opal Students ;Jun-25;3965,8
Opal Students ;Jul-25;4015
Opal Students ;Aug-25;4593
Opal Students ;Sept-25;4428
Opal Students ;Oct-25;6002
Opal Students ;Nov-25;4286
Opal Students ;Dec-25;985
Opal Students ;Jan-26;1496,8
Opal Students ;Feb-26;4735
Opal Students ;Mar-26;4747
Opal Students ;Apr-26;4036,9
Opal Students ;May-26;4180
Olievenhoutbosch 1;Jun-26;18559
Opal Students ;Jul-26;
Opal Students ;Aug-26;
Opal Students ;Sept-26;
Opal Students ;Oct-26;
Opal Students ;Nov-26;
Opal Students ;Dec-26;
Orthochem Bethlehem;Jan-24;27336
Orthochem Bethlehem;Feb-24;34673
Orthochem Bethlehem;Mar-24;35335
Orthochem Bethlehem;Apr-24;23354
Orthochem Bethlehem;May-24;24682
Orthochem Bethlehem;Jun-24;21004
Orthochem Bethlehem;Jul-24;24855
Orthochem Bethlehem;Aug-24;27804
Orthochem Bethlehem;Sept-24;24854
Orthochem Bethlehem;Oct-24;41343
Orthochem Bethlehem;Nov-24;40614
Orthochem Bethlehem;Dec-24;20454
Orthochem Bethlehem;Jan-25;35500
Orthochem Bethlehem;Feb-25;33170
Orthochem Bethlehem;Mar-25;29562
Orthochem Bethlehem;Apr-25;23660
Orthochem Bethlehem;May-25;27021
Orthochem Bethlehem;Jun-25;23016,87
Orthochem Bethlehem;Jul-25;23980
Orthochem Bethlehem;Aug-25;26825
Orthochem Bethlehem;Sept-25;29989
Orthochem Bethlehem;Oct-25;39431,18
Orthochem Bethlehem;Nov-25;36933
Orthochem Bethlehem;Dec-25;24542
Orthochem Bethlehem;Jan-26;38558,8383
Orthochem Bethlehem;Feb-26;35289,59486
Orthochem Bethlehem;Mar-26;33082
Orthochem Bethlehem;Apr-26;26958,67
Orthochem Bethlehem;May-26;28264,56
Orthochem Bethlehem;Jun-26;
Orthochem Bethlehem;Jul-26;
Orthochem Bethlehem;Aug-26;
Orthochem Bethlehem;Sept-26;
Orthochem Bethlehem;Oct-26;
Orthochem Bethlehem;Nov-26;
Orthochem Bethlehem;Dec-26;
PNB Unlimited;Jan-24;12283
PNB Unlimited;Feb-24;11752
PNB Unlimited;Mar-24;11293
PNB Unlimited;Apr-24;10034
PNB Unlimited;May-24;7886
PNB Unlimited;Jun-24;9067
PNB Unlimited;Jul-24;8952
PNB Unlimited;Aug-24;8952
PNB Unlimited;Sept-24;8110
PNB Unlimited;Oct-24;12770
PNB Unlimited;Nov-24;10951
PNB Unlimited;Dec-24;11135
PNB Unlimited;Jan-25;10294
PNB Unlimited;Feb-25;7952
PNB Unlimited;Mar-25;9856
PNB Unlimited;Apr-25;7739
PNB Unlimited;May-25;9189
PNB Unlimited;Jun-25;7656,32
PNB Unlimited;Jul-25;8158
PNB Unlimited;Aug-25;5429
PNB Unlimited;Sept-25;7249
PNB Unlimited;Oct-25;8107
PNB Unlimited;Nov-25;2305
PNB Unlimited;Dec-25;7641
PNB Unlimited;Jan-26;9717
PNB Unlimited;Feb-26;8045
PNB Unlimited;Mar-26;7035
PNB Unlimited;Apr-26;3742,54
PNB Unlimited;May-26;6041,14
PNB Unlimited;Jun-26;
PNB Unlimited;Jul-26;
PNB Unlimited;Aug-26;
PNB Unlimited;Sept-26;
PNB Unlimited;Oct-26;
PNB Unlimited;Nov-26;
PNB Unlimited;Dec-26;
Plastiplate ;Jan-24;4452
Plastiplate ;Feb-24;6906
Plastiplate ;Mar-24;6752
Plastiplate ;Apr-24;6350
Plastiplate ;May-24;7236
Plastiplate ;Jun-24;6002
Plastiplate ;Jul-24;7142
Plastiplate ;Aug-24;6654
Plastiplate ;Sept-24;6375
Plastiplate ;Oct-24;6305
Plastiplate ;Nov-24;7074
Plastiplate ;Dec-24;3371
Plastiplate ;Jan-25;5083
Plastiplate ;Feb-25;4977
Plastiplate ;Mar-25;5306
Plastiplate ;Apr-25;4700
Plastiplate ;May-25;6568
Plastiplate ;Jun-25;6255,59
Plastiplate ;Jul-25;5980
Plastiplate ;Aug-25;6685
Plastiplate ;Sept-25;7118
Plastiplate ;Oct-25;7677
Plastiplate ;Nov-25;5691
Plastiplate ;Dec-25;3680
Plastiplate ;Jan-26;5605
Plastiplate ;Feb-26;7388
Plastiplate ;Mar-26;6319,4
Plastiplate ;Apr-26;4370,48
Plastiplate ;May-26;5968,12
Olievenhoutbosch 2;Jun-26;5600
Plastiplate ;Jul-26;
Plastiplate ;Aug-26;
Plastiplate ;Sept-26;
Plastiplate ;Oct-26;
Plastiplate ;Nov-26;
Plastiplate ;Dec-26;
Q-lity Meat;Jan-24;4700
Q-lity Meat;Feb-24;4300
Q-lity Meat;Mar-24;5200
Q-lity Meat;Apr-24;4500
Q-lity Meat;May-24;4300
Q-lity Meat;Jun-24;3800
Q-lity Meat;Jul-24;4100
Q-lity Meat;Aug-24;4000
Q-lity Meat;Sept-24;3700
Q-lity Meat;Oct-24;5479
Q-lity Meat;Nov-24;5500
Q-lity Meat;Dec-24;2742
Q-lity Meat;Jan-25;5100
Q-lity Meat;Feb-25;3970
Q-lity Meat;Mar-25;4540
Q-lity Meat;Apr-25;3526
Q-lity Meat;May-25;4309
Q-lity Meat;Jun-25;3564
Q-lity Meat;Jul-25;3444
Q-lity Meat;Aug-25;4434
Q-lity Meat;Sept-25;4300
Q-lity Meat;Oct-25;4956
Q-lity Meat;Nov-25;4173
Q-lity Meat;Dec-25;5010
Q-lity Meat;Jan-26;4573
Q-lity Meat;Feb-26;4586,77
Q-lity Meat;Mar-26;4089
Q-lity Meat;Apr-26;844,2
Q-lity Meat;May-26;0
Q-lity Meat;Jun-26;
Q-lity Meat;Jul-26;
Q-lity Meat;Aug-26;
Q-lity Meat;Sept-26;
Q-lity Meat;Oct-26;
Q-lity Meat;Nov-26;
Q-lity Meat;Dec-26;
Quintondale;Jan-24;6159
Quintondale;Feb-24;4495
Quintondale;Mar-24;5040
Quintondale;Apr-24;4485
Quintondale;May-24;4861
Quintondale;Jun-24;3929
Quintondale;Jul-24;4619
Quintondale;Aug-24;5354
Quintondale;Sept-24;4908
Quintondale;Oct-24;6335
Quintondale;Nov-24;5824
Quintondale;Dec-24;6091
Quintondale;Jan-25;5309
Quintondale;Feb-25;3761
Quintondale;Mar-25;4074
Quintondale;Apr-25;3902
Quintondale;May-25;5047
Quintondale;Jun-25;4585,36
Quintondale;Jul-25;4750
Quintondale;Aug-25;4940
Quintondale;Sept-25;4923
Quintondale;Oct-25;5673
Quintondale;Nov-25;4641
Quintondale;Dec-25;5262
Quintondale;Jan-26;5546
Quintondale;Feb-26;5201,23
Quintondale;Mar-26;4579
Quintondale;Apr-26;4134,11
Quintondale;May-26;4665,67
Quintondale;Jun-26;
Quintondale;Jul-26;
Quintondale;Aug-26;
Quintondale;Sept-26;
Quintondale;Oct-26;
Quintondale;Nov-26;
Quintondale;Dec-26;
Riverside Lodge ;Jan-24;6600
Riverside Lodge ;Feb-24;13300
Riverside Lodge ;Mar-24;15420
Riverside Lodge ;Apr-24;12860
Riverside Lodge ;May-24;14610
Riverside Lodge ;Jun-24;12010
Riverside Lodge ;Jul-24;13050
Riverside Lodge ;Aug-24;17380
Riverside Lodge ;Sept-24;15040
Riverside Lodge ;Oct-24;16040
Riverside Lodge ;Nov-24;12800
Riverside Lodge ;Dec-24;11928
Riverside Lodge ;Jan-25;11300
Riverside Lodge ;Feb-25;8382
Riverside Lodge ;Mar-25;11945
Riverside Lodge ;Apr-25;13271
Riverside Lodge ;May-25;17380
Riverside Lodge ;Jun-25;15760,44
Riverside Lodge ;Jul-25;15336
Riverside Lodge ;Aug-25;18373
Riverside Lodge ;Sept-25;14826
Riverside Lodge ;Oct-25;14653
Riverside Lodge ;Nov-25;11613
Riverside Lodge ;Dec-25;12623
Riverside Lodge ;Jan-26;13947
Riverside Lodge ;Feb-26;15878
Riverside Lodge ;Mar-26;15307
Riverside Lodge ;Apr-26;13475,98
Riverside Lodge ;May-26;16989,47
Opal Students ;Jun-26; 3 164 
Riverside Lodge ;Jul-26;
Riverside Lodge ;Aug-26;
Riverside Lodge ;Sept-26;
Riverside Lodge ;Oct-26;
Riverside Lodge ;Nov-26;
Riverside Lodge ;Dec-26;
SR Morula TF 1;Jan-24;
SR Morula TF 1;Feb-24;
SR Morula TF 1;Mar-24;
SR Morula TF 1;Apr-24;
SR Morula TF 1;May-24;
SR Morula TF 1;Jun-24;
SR Morula TF 1;Jul-24;
SR Morula TF 1;Aug-24;
SR Morula TF 1;Sept-24;
SR Morula TF 1;Oct-24;
SR Morula TF 1;Nov-24;
SR Morula TF 1;Dec-24;
SR Morula TF 1;Jan-25;
SR Morula TF 1;Feb-25;
SR Morula TF 1;Mar-25;
SR Morula TF 1;Apr-25;
SR Morula TF 1;May-25;
SR Morula TF 1;Jun-25;
SR Morula TF 1;Jul-25;
SR Morula TF 1;Aug-25;2845
SR Morula TF 1;Sept-25;7367
SR Morula TF 1;Oct-25;8824
SR Morula TF 1;Nov-25;7686
SR Morula TF 1;Dec-25;9330
SR Morula TF 1;Jan-26;9387
SR Morula TF 1;Feb-26;8600
SR Morula TF 1;Mar-26;6749
SR Morula TF 1;Apr-26;6091,51
SR Morula TF 1;May-26;6169,97
Plastiplate ;Jun-26; 5 956 
SR Morula TF 1;Jul-26;
SR Morula TF 1;Aug-26;
SR Morula TF 1;Sept-26;
SR Morula TF 1;Oct-26;
SR Morula TF 1;Nov-26;
SR Morula TF 1;Dec-26;
SR Morula TF 1 - Shoprite;Jan-24;
SR Morula TF 1 - Shoprite;Feb-24;
SR Morula TF 1 - Shoprite;Mar-24;
SR Morula TF 1 - Shoprite;Apr-24;
SR Morula TF 1 - Shoprite;May-24;
SR Morula TF 1 - Shoprite;Jun-24;
SR Morula TF 1 - Shoprite;Jul-24;
SR Morula TF 1 - Shoprite;Aug-24;
SR Morula TF 1 - Shoprite;Sept-24;
SR Morula TF 1 - Shoprite;Oct-24;
SR Morula TF 1 - Shoprite;Nov-24;
SR Morula TF 1 - Shoprite;Dec-24;
SR Morula TF 1 - Shoprite;Jan-25;
SR Morula TF 1 - Shoprite;Feb-25;
SR Morula TF 1 - Shoprite;Mar-25;
SR Morula TF 1 - Shoprite;Apr-25;
SR Morula TF 1 - Shoprite;May-25;
SR Morula TF 1 - Shoprite;Jun-25;
SR Morula TF 1 - Shoprite;Jul-25;
SR Morula TF 1 - Shoprite;Aug-25;8229
SR Morula TF 1 - Shoprite;Sept-25;21334
SR Morula TF 1 - Shoprite;Oct-25;26578
SR Morula TF 1 - Shoprite;Nov-25;22629
SR Morula TF 1 - Shoprite;Dec-25;27791
SR Morula TF 1 - Shoprite;Jan-26;27879
SR Morula TF 1 - Shoprite;Feb-26;25500
SR Morula TF 1 - Shoprite;Mar-26;20753
SR Morula TF 1 - Shoprite;Apr-26;18061,39
SR Morula TF 1 - Shoprite;May-26;18908,48
SR Morula TF 1 - Shoprite;Jun-26;
SR Morula TF 1 - Shoprite;Jul-26;
SR Morula TF 1 - Shoprite;Aug-26;
SR Morula TF 1 - Shoprite;Sept-26;
SR Morula TF 1 - Shoprite;Oct-26;
SR Morula TF 1 - Shoprite;Nov-26;
SR Morula TF 1 - Shoprite;Dec-26;
SR Morula TF 2;Jan-24;
SR Morula TF 2;Feb-24;
SR Morula TF 2;Mar-24;
SR Morula TF 2;Apr-24;
SR Morula TF 2;May-24;
SR Morula TF 2;Jun-24;
SR Morula TF 2;Jul-24;
SR Morula TF 2;Aug-24;
SR Morula TF 2;Sept-24;
SR Morula TF 2;Oct-24;
SR Morula TF 2;Nov-24;
SR Morula TF 2;Dec-24;
SR Morula TF 2;Jan-25;
SR Morula TF 2;Feb-25;
SR Morula TF 2;Mar-25;
SR Morula TF 2;Apr-25;
SR Morula TF 2;May-25;
SR Morula TF 2;Jun-25;
SR Morula TF 2;Jul-25;
SR Morula TF 2;Aug-25;2512
SR Morula TF 2;Sept-25;7570
SR Morula TF 2;Oct-25;8856
SR Morula TF 2;Nov-25;7508
SR Morula TF 2;Dec-25;9313
SR Morula TF 2;Jan-26;9484
SR Morula TF 2;Feb-26;8425,8
SR Morula TF 2;Mar-26;7083
SR Morula TF 2;Apr-26;6207,8
SR Morula TF 2;May-26;6478,04
Riverside Lodge ;Jun-26;13699
SR Morula TF 2;Jul-26;
SR Morula TF 2;Aug-26;
SR Morula TF 2;Sept-26;
SR Morula TF 2;Oct-26;
SR Morula TF 2;Nov-26;
SR Morula TF 2;Dec-26;
Sakhumnotho;Jan-24;1720
Sakhumnotho;Feb-24;1864
Sakhumnotho;Mar-24;2167
Sakhumnotho;Apr-24;1409
Sakhumnotho;May-24;1672
Sakhumnotho;Jun-24;1125
Sakhumnotho;Jul-24;2628
Sakhumnotho;Aug-24;794
Sakhumnotho;Sept-24;1822
Sakhumnotho;Oct-24;2044
Sakhumnotho;Nov-24;1984
Sakhumnotho;Dec-24;1687
Sakhumnotho;Jan-25;2354
Sakhumnotho;Feb-25;1728
Sakhumnotho;Mar-25;1704
Sakhumnotho;Apr-25;1518
Sakhumnotho;May-25;2450
Sakhumnotho;Jun-25;2470,27
Sakhumnotho;Jul-25;2714
Sakhumnotho;Aug-25;2694
Sakhumnotho;Sept-25;1488
Sakhumnotho;Oct-25;380
Sakhumnotho;Nov-25;
Sakhumnotho;Dec-25;
Sakhumnotho;Jan-26;
Sakhumnotho;Feb-26;
Sakhumnotho;Mar-26;
Sakhumnotho;Apr-26;
Sakhumnotho;May-26;
Sakhumnotho;Jun-26;
Sakhumnotho;Jul-26;
Sakhumnotho;Aug-26;
Sakhumnotho;Sept-26;
Sakhumnotho;Oct-26;
Sakhumnotho;Nov-26;
Sakhumnotho;Dec-26;
SaveMore Alldays - Store;Jan-24;17948
SaveMore Alldays - Store;Feb-24;16954
SaveMore Alldays - Store;Mar-24;16498
SaveMore Alldays - Store;Apr-24;13514
SaveMore Alldays - Store;May-24;13524
SaveMore Alldays - Store;Jun-24;11348
SaveMore Alldays - Store;Jul-24;12215
SaveMore Alldays - Store;Aug-24;12637
SaveMore Alldays - Store;Sept-24;12990
SaveMore Alldays - Store;Oct-24;10518
SaveMore Alldays - Store;Nov-24;5878
SaveMore Alldays - Store;Dec-24;17496
SaveMore Alldays - Store;Jan-25;16026
SaveMore Alldays - Store;Feb-25;13689
SaveMore Alldays - Store;Mar-25;11995
SaveMore Alldays - Store;Apr-25;6680
SaveMore Alldays - Store;May-25;11933
SaveMore Alldays - Store;Jun-25;9797,26
SaveMore Alldays - Store;Jul-25;9134,4
SaveMore Alldays - Store;Aug-25;15551
SaveMore Alldays - Store;Sept-25;14894
SaveMore Alldays - Store;Oct-25;17167
SaveMore Alldays - Store;Nov-25;14437
SaveMore Alldays - Store;Dec-25;14721
SaveMore Alldays - Store;Jan-26;16129
SaveMore Alldays - Store;Feb-26;15901
SaveMore Alldays - Store;Mar-26;13942
SaveMore Alldays - Store;Apr-26;12240,56
SaveMore Alldays - Store;May-26;12352,61
SaveMore Alldays - Store;Jun-26;
SaveMore Alldays - Store;Jul-26;
SaveMore Alldays - Store;Aug-26;
SaveMore Alldays - Store;Sept-26;
SaveMore Alldays - Store;Oct-26;
SaveMore Alldays - Store;Nov-26;
SaveMore Alldays - Store;Dec-26;
Savemore Liquor Alldays ;Jan-24;1424
Savemore Liquor Alldays ;Feb-24;1471
Savemore Liquor Alldays ;Mar-24;1705
Savemore Liquor Alldays ;Apr-24;1306
Savemore Liquor Alldays ;May-24;856
Savemore Liquor Alldays ;Jun-24;1086
Savemore Liquor Alldays ;Jul-24;1232
Savemore Liquor Alldays ;Aug-24;1007
Savemore Liquor Alldays ;Sept-24;1218
Savemore Liquor Alldays ;Oct-24;1389
Savemore Liquor Alldays ;Nov-24;1731
Savemore Liquor Alldays ;Dec-24;1418
Savemore Liquor Alldays ;Jan-25;1493
Savemore Liquor Alldays ;Feb-25;1368,9
Savemore Liquor Alldays ;Mar-25;960
Savemore Liquor Alldays ;Apr-25;694
Savemore Liquor Alldays ;May-25;580
Savemore Liquor Alldays ;Jun-25;449,2
Savemore Liquor Alldays ;Jul-25;575
Savemore Liquor Alldays ;Aug-25;1437
Savemore Liquor Alldays ;Sept-25;1257
Savemore Liquor Alldays ;Oct-25;1616
Savemore Liquor Alldays ;Nov-25;1463
Savemore Liquor Alldays ;Dec-25;1836
Savemore Liquor Alldays ;Jan-26;1637
Savemore Liquor Alldays ;Feb-26;1801
Savemore Liquor Alldays ;Mar-26;1516
Savemore Liquor Alldays ;Apr-26;1353,29
Savemore Liquor Alldays ;May-26;1302,09
Savemore Liquor Alldays ;Jun-26;
Savemore Liquor Alldays ;Jul-26;
Savemore Liquor Alldays ;Aug-26;
Savemore Liquor Alldays ;Sept-26;
Savemore Liquor Alldays ;Oct-26;
Savemore Liquor Alldays ;Nov-26;
Savemore Liquor Alldays ;Dec-26;
Saverite Durban;Jan-24;8341
Saverite Durban;Feb-24;8056
Saverite Durban;Mar-24;7588
Saverite Durban;Apr-24;6746
Saverite Durban;May-24;6595
Saverite Durban;Jun-24;5221
Saverite Durban;Jul-24;6498
Saverite Durban;Aug-24;6727
Saverite Durban;Sept-24;5408
Saverite Durban;Oct-24;8018
Saverite Durban;Nov-24;7818
Saverite Durban;Dec-24;9041
Saverite Durban;Jan-25;9601
Saverite Durban;Feb-25;7317
Saverite Durban;Mar-25;8211
Saverite Durban;Apr-25;6924
Saverite Durban;May-25;7428
Saverite Durban;Jun-25;7026,25
Saverite Durban;Jul-25;7318
Saverite Durban;Aug-25;7873
Saverite Durban;Sept-25;6985
Saverite Durban;Oct-25;9680,31
Saverite Durban;Nov-25;11102
Saverite Durban;Dec-25;11384
Saverite Durban;Jan-26;12215
Saverite Durban;Feb-26;11691
Saverite Durban;Mar-26;10159
Saverite Durban;Apr-26;8032,01
Saverite Durban;May-26;7738,42
Saverite Durban;Jun-26;
Saverite Durban;Jul-26;
Saverite Durban;Aug-26;
Saverite Durban;Sept-26;
Saverite Durban;Oct-26;
Saverite Durban;Nov-26;
Saverite Durban;Dec-26;
Saverite PMB;Jan-24;11804
Saverite PMB;Feb-24;9158
Saverite PMB;Mar-24;9784
Saverite PMB;Apr-24;7858
Saverite PMB;May-24;7246
Saverite PMB;Jun-24;6127
Saverite PMB;Jul-24;8521
Saverite PMB;Aug-24;9050
Saverite PMB;Sept-24;8302
Saverite PMB;Oct-24;11290
Saverite PMB;Nov-24;10513
Saverite PMB;Dec-24;11507
Saverite PMB;Jan-25;11679
Saverite PMB;Feb-25;7567
Saverite PMB;Mar-25;9564
Saverite PMB;Apr-25;6957
Saverite PMB;May-25;7705
Saverite PMB;Jun-25;6515,6
Saverite PMB;Jul-25;7651
Saverite PMB;Aug-25;8548
Saverite PMB;Sept-25;7542
Saverite PMB;Oct-25;10186
Saverite PMB;Nov-25;10802
Saverite PMB;Dec-25;11033
Saverite PMB;Jan-26;7790
Saverite PMB;Feb-26;5171,0647
Saverite PMB;Mar-26;8153,5
Saverite PMB;Apr-26;7873,17
Saverite PMB;May-26;7767,8
Saverite PMB;Jun-26;
Saverite PMB;Jul-26;
Saverite PMB;Aug-26;
Saverite PMB;Sept-26;
Saverite PMB;Oct-26;
Saverite PMB;Nov-26;
Saverite PMB;Dec-26;
Secunda Plaza Shops;Jan-24;4297
Secunda Plaza Shops;Feb-24;4176
Secunda Plaza Shops;Mar-24;4682
Secunda Plaza Shops;Apr-24;3965
Secunda Plaza Shops;May-24;3760
Secunda Plaza Shops;Jun-24;3240
Secunda Plaza Shops;Jul-24;3836
Secunda Plaza Shops;Aug-24;3915
Secunda Plaza Shops;Sept-24;3746
Secunda Plaza Shops;Oct-24;3449
Secunda Plaza Shops;Nov-24;4630
Secunda Plaza Shops;Dec-24;5059
Secunda Plaza Shops;Jan-25;4475
Secunda Plaza Shops;Feb-25;3651
Secunda Plaza Shops;Mar-25;3912
Secunda Plaza Shops;Apr-25;3361
Secunda Plaza Shops;May-25;3626
Secunda Plaza Shops;Jun-25;3199,19
Secunda Plaza Shops;Jul-25;3303
Secunda Plaza Shops;Aug-25;3882
Secunda Plaza Shops;Sept-25;4064
Secunda Plaza Shops;Oct-25;4609
Secunda Plaza Shops;Nov-25;3681
Secunda Plaza Shops;Dec-25;1203
Secunda Plaza Shops;Jan-26;3014
Secunda Plaza Shops;Feb-26;4641,05
Secunda Plaza Shops;Mar-26;3756
Secunda Plaza Shops;Apr-26;3294,1
Secunda Plaza Shops;May-26;3420,82
Secunda Plaza Shops;Jun-26;
Secunda Plaza Shops;Jul-26;
Secunda Plaza Shops;Aug-26;
Secunda Plaza Shops;Sept-26;
Secunda Plaza Shops;Oct-26;
Secunda Plaza Shops;Nov-26;
Secunda Plaza Shops;Dec-26;
Secunda Plaza choppies;Jan-24;14153
Secunda Plaza choppies;Feb-24;12255
Secunda Plaza choppies;Mar-24;14981
Secunda Plaza choppies;Apr-24;12548
Secunda Plaza choppies;May-24;12499
Secunda Plaza choppies;Jun-24;10764
Secunda Plaza choppies;Jul-24;12646
Secunda Plaza choppies;Aug-24;13284
Secunda Plaza choppies;Sept-24;12781
Secunda Plaza choppies;Oct-24;16310
Secunda Plaza choppies;Nov-24;16857
Secunda Plaza choppies;Dec-24;17902
Secunda Plaza choppies;Jan-25;16357
Secunda Plaza choppies;Feb-25;13076
Secunda Plaza choppies;Mar-25;13410
Secunda Plaza choppies;Apr-25;11361
Secunda Plaza choppies;May-25;12073
Secunda Plaza choppies;Jun-25;10687,39
Secunda Plaza choppies;Jul-25;10449
Secunda Plaza choppies;Aug-25;10325
Secunda Plaza choppies;Sept-25;9595
Secunda Plaza choppies;Oct-25;11068
Secunda Plaza choppies;Nov-25;10671
Secunda Plaza choppies;Dec-25;1812
Secunda Plaza choppies;Jan-26;306
Secunda Plaza choppies;Feb-26;522,44464
Secunda Plaza choppies;Mar-26;372
Secunda Plaza choppies;Apr-26;44,97
Secunda Plaza choppies;May-26;0
Secunda Plaza choppies;Jun-26;
Secunda Plaza choppies;Jul-26;
Secunda Plaza choppies;Aug-26;
Secunda Plaza choppies;Sept-26;
Secunda Plaza choppies;Oct-26;
Secunda Plaza choppies;Nov-26;
Secunda Plaza choppies;Dec-26;
Shoprite Dube ;Jan-24;
Shoprite Dube ;Feb-24;
Shoprite Dube ;Mar-24;
Shoprite Dube ;Apr-24;
Shoprite Dube ;May-24;
Shoprite Dube ;Jun-24;
Shoprite Dube ;Jul-24;
Shoprite Dube ;Aug-24;
Shoprite Dube ;Sept-24;
Shoprite Dube ;Oct-24;
Shoprite Dube ;Nov-24;
Shoprite Dube ;Dec-24;
Shoprite Dube ;Jan-25;10100
Shoprite Dube ;Feb-25;12001
Shoprite Dube ;Mar-25;13213
Shoprite Dube ;Apr-25;9636
Shoprite Dube ;May-25;10261
Shoprite Dube ;Jun-25;11348,4
Shoprite Dube ;Jul-25;14705
Shoprite Dube ;Aug-25;16958
Shoprite Dube ;Sept-25;17766
Shoprite Dube ;Oct-25;22849
Shoprite Dube ;Nov-25;20014
Shoprite Dube ;Dec-25;21334,1162
Shoprite Dube ;Jan-26;23434
Shoprite Dube ;Feb-26;21742,1962
Shoprite Dube ;Mar-26;18523
Shoprite Dube ;Apr-26;15379,43
Shoprite Dube ;May-26;15576,52
Shoprite Dube ;Jun-26;
Shoprite Dube ;Jul-26;
Shoprite Dube ;Aug-26;
Shoprite Dube ;Sept-26;
Shoprite Dube ;Oct-26;
Shoprite Dube ;Nov-26;
Shoprite Dube ;Dec-26;
Shoprite Ekhaya;Jan-24;
Shoprite Ekhaya;Feb-24;
Shoprite Ekhaya;Mar-24;
Shoprite Ekhaya;Apr-24;
Shoprite Ekhaya;May-24;
Shoprite Ekhaya;Jun-24;
Shoprite Ekhaya;Jul-24;
Shoprite Ekhaya;Aug-24;
Shoprite Ekhaya;Sept-24;
Shoprite Ekhaya;Oct-24;
Shoprite Ekhaya;Nov-24;
Shoprite Ekhaya;Dec-24;
Shoprite Ekhaya;Jan-25;
Shoprite Ekhaya;Feb-25;
Shoprite Ekhaya;Mar-25;
Shoprite Ekhaya;Apr-25;
Shoprite Ekhaya;May-25;
Shoprite Ekhaya;Jun-25;
Shoprite Ekhaya;Jul-25;
Shoprite Ekhaya;Aug-25;
Shoprite Ekhaya;Sept-25;
Shoprite Ekhaya;Oct-25;
Shoprite Ekhaya;Nov-25;
Shoprite Ekhaya;Dec-25;
Shoprite Ekhaya;Jan-26;
Shoprite Ekhaya;Feb-26;
Shoprite Ekhaya;Mar-26;10022
Shoprite Ekhaya;Apr-26;11511,86
Shoprite Ekhaya;May-26;14709,43
Shoprite Ekhaya;Jun-26;
Shoprite Ekhaya;Jul-26;
Shoprite Ekhaya;Aug-26;
Shoprite Ekhaya;Sept-26;
Shoprite Ekhaya;Oct-26;
Shoprite Ekhaya;Nov-26;
Shoprite Ekhaya;Dec-26;
Shoprite Hillbrow;Jan-24;
Shoprite Hillbrow;Feb-24;
Shoprite Hillbrow;Mar-24;
Shoprite Hillbrow;Apr-24;
Shoprite Hillbrow;May-24;
Shoprite Hillbrow;Jun-24;
Shoprite Hillbrow;Jul-24;
Shoprite Hillbrow;Aug-24;
Shoprite Hillbrow;Sept-24;
Shoprite Hillbrow;Oct-24;
Shoprite Hillbrow;Nov-24;
Shoprite Hillbrow;Dec-24;
Shoprite Hillbrow;Jan-25;18900
Shoprite Hillbrow;Feb-25;13110
Shoprite Hillbrow;Mar-25;11124
Shoprite Hillbrow;Apr-25;9398
Shoprite Hillbrow;May-25;10507
Shoprite Hillbrow;Jun-25;8615
Shoprite Hillbrow;Jul-25;9297
Shoprite Hillbrow;Aug-25;11805
Shoprite Hillbrow;Sept-25;12829
Shoprite Hillbrow;Oct-25;18800
Shoprite Hillbrow;Nov-25;15186
Shoprite Hillbrow;Dec-25;17488,2707
Shoprite Hillbrow;Jan-26;18755
Shoprite Hillbrow;Feb-26;15395,7162
Shoprite Hillbrow;Mar-26;11700
Shoprite Hillbrow;Apr-26;8798,96
Shoprite Hillbrow;May-26;8378,25
Shoprite Hillbrow;Jun-26;
Shoprite Hillbrow;Jul-26;
Shoprite Hillbrow;Aug-26;
Shoprite Hillbrow;Sept-26;
Shoprite Hillbrow;Oct-26;
Shoprite Hillbrow;Nov-26;
Shoprite Hillbrow;Dec-26;
Shoprite Ladybrand ;Jan-24;
Shoprite Ladybrand ;Feb-24;
Shoprite Ladybrand ;Mar-24;
Shoprite Ladybrand ;Apr-24;
Shoprite Ladybrand ;May-24;
Shoprite Ladybrand ;Jun-24;
Shoprite Ladybrand ;Jul-24;
Shoprite Ladybrand ;Aug-24;
Shoprite Ladybrand ;Sept-24;
Shoprite Ladybrand ;Oct-24;
Shoprite Ladybrand ;Nov-24;
Shoprite Ladybrand ;Dec-24;
Shoprite Ladybrand ;Jan-25;33100
Shoprite Ladybrand ;Feb-25;24950
Shoprite Ladybrand ;Mar-25;24126
Shoprite Ladybrand ;Apr-25;18837
Shoprite Ladybrand ;May-25;22373
Shoprite Ladybrand ;Jun-25;18416,6
Shoprite Ladybrand ;Jul-25;19123
Shoprite Ladybrand ;Aug-25;22404
Shoprite Ladybrand ;Sept-25;21900
Shoprite Ladybrand ;Oct-25;29612
Shoprite Ladybrand ;Nov-25;26751
Shoprite Ladybrand ;Dec-25;30623,1004
Shoprite Ladybrand ;Jan-26;34009
Shoprite Ladybrand ;Feb-26;24602,8829
Shoprite Ladybrand ;Mar-26;23540
Shoprite Ladybrand ;Apr-26;18199,29
Shoprite Ladybrand ;May-26;17860,55
Shoprite Ladybrand ;Jun-26;
Shoprite Ladybrand ;Jul-26;
Shoprite Ladybrand ;Aug-26;
Shoprite Ladybrand ;Sept-26;
Shoprite Ladybrand ;Oct-26;
Shoprite Ladybrand ;Nov-26;
Shoprite Ladybrand ;Dec-26;
Shoprite Mini Ganyesa;Jan-24;
Shoprite Mini Ganyesa;Feb-24;
Shoprite Mini Ganyesa;Mar-24;
Shoprite Mini Ganyesa;Apr-24;
Shoprite Mini Ganyesa;May-24;
Shoprite Mini Ganyesa;Jun-24;
Shoprite Mini Ganyesa;Jul-24;
Shoprite Mini Ganyesa;Aug-24;3670
Shoprite Mini Ganyesa;Sept-24;24226
Shoprite Mini Ganyesa;Oct-24;29060
Shoprite Mini Ganyesa;Nov-24;28700
Shoprite Mini Ganyesa;Dec-24;32654
Shoprite Mini Ganyesa;Jan-25;31900
Shoprite Mini Ganyesa;Feb-25;24980
Shoprite Mini Ganyesa;Mar-25;24068
Shoprite Mini Ganyesa;Apr-25;17329
Shoprite Mini Ganyesa;May-25;19241
Shoprite Mini Ganyesa;Jun-25;18515,91
Shoprite Mini Ganyesa;Jul-25;18781
Shoprite Mini Ganyesa;Aug-25;21235
Shoprite Mini Ganyesa;Sept-25;23085
Shoprite Mini Ganyesa;Oct-25;25611
Shoprite Mini Ganyesa;Nov-25;25276
Shoprite Mini Ganyesa;Dec-25;28457,1296
Shoprite Mini Ganyesa;Jan-26;29092
Shoprite Mini Ganyesa;Feb-26;23486,9398
Shoprite Mini Ganyesa;Mar-26;22459
Shoprite Mini Ganyesa;Apr-26;18207,86
Shoprite Mini Ganyesa;May-26;17848,83
Shoprite Mini Ganyesa;Jun-26;
Shoprite Mini Ganyesa;Jul-26;
Shoprite Mini Ganyesa;Aug-26;
Shoprite Mini Ganyesa;Sept-26;
Shoprite Mini Ganyesa;Oct-26;
Shoprite Mini Ganyesa;Nov-26;
Shoprite Mini Ganyesa;Dec-26;
Shoprite Naledi;Jan-24;
Shoprite Naledi;Feb-24;
Shoprite Naledi;Mar-24;
Shoprite Naledi;Apr-24;
Shoprite Naledi;May-24;
Shoprite Naledi;Jun-24;
Shoprite Naledi;Jul-24;
Shoprite Naledi;Aug-24;
Shoprite Naledi;Sept-24;10570
Shoprite Naledi;Oct-24;18040
Shoprite Naledi;Nov-24;18800
Shoprite Naledi;Dec-24;20883
Shoprite Naledi;Jan-25;20300
Shoprite Naledi;Feb-25;13100
Shoprite Naledi;Mar-25;12342
Shoprite Naledi;Apr-25;10819
Shoprite Naledi;May-25;15169
Shoprite Naledi;Jun-25;13081,41
Shoprite Naledi;Jul-25;14154
Shoprite Naledi;Aug-25;16190
Shoprite Naledi;Sept-25;16520
Shoprite Naledi;Oct-25;20440
Shoprite Naledi;Nov-25;17928
Shoprite Naledi;Dec-25;20527,8823
Shoprite Naledi;Jan-26;22071
Shoprite Naledi;Feb-26;18965
Shoprite Naledi;Mar-26;15865
Shoprite Naledi;Apr-26;13806,89
Shoprite Naledi;May-26;13506,85
Shoprite Naledi;Jun-26;
Shoprite Naledi;Jul-26;
Shoprite Naledi;Aug-26;
Shoprite Naledi;Sept-26;
Shoprite Naledi;Oct-26;
Shoprite Naledi;Nov-26;
Shoprite Naledi;Dec-26;
Shoprite Newlands;Jan-24;
Shoprite Newlands;Feb-24;
Shoprite Newlands;Mar-24;
Shoprite Newlands;Apr-24;
Shoprite Newlands;May-24;
Shoprite Newlands;Jun-24;
Shoprite Newlands;Jul-24;
Shoprite Newlands;Aug-24;
Shoprite Newlands;Sept-24;
Shoprite Newlands;Oct-24;
Shoprite Newlands;Nov-24;
Shoprite Newlands;Dec-24;
Shoprite Newlands;Jan-25;
Shoprite Newlands;Feb-25;
Shoprite Newlands;Mar-25;
Shoprite Newlands;Apr-25;
Shoprite Newlands;May-25;
Shoprite Newlands;Jun-25;
Shoprite Newlands;Jul-25;
Shoprite Newlands;Aug-25;
Shoprite Newlands;Sept-25;
Shoprite Newlands;Oct-25;
Shoprite Newlands;Nov-25;
Shoprite Newlands;Dec-25;18509
Shoprite Newlands;Jan-26;32917
Shoprite Newlands;Feb-26;31107
Shoprite Newlands;Mar-26;26454
Shoprite Newlands;Apr-26;20930,87
Shoprite Newlands;May-26;20539,96
Shoprite Newlands;Jun-26;
Shoprite Newlands;Jul-26;
Shoprite Newlands;Aug-26;
Shoprite Newlands;Sept-26;
Shoprite Newlands;Oct-26;
Shoprite Newlands;Nov-26;
Shoprite Newlands;Dec-26;
Shoprite Thokoza;Jan-24;
Shoprite Thokoza;Feb-24;
Shoprite Thokoza;Mar-24;
Shoprite Thokoza;Apr-24;
Shoprite Thokoza;May-24;
Shoprite Thokoza;Jun-24;
Shoprite Thokoza;Jul-24;
Shoprite Thokoza;Aug-24;
Shoprite Thokoza;Sept-24;
Shoprite Thokoza;Oct-24;
Shoprite Thokoza;Nov-24;
Shoprite Thokoza;Dec-24;
Shoprite Thokoza;Jan-25;
Shoprite Thokoza;Feb-25;
Shoprite Thokoza;Mar-25;
Shoprite Thokoza;Apr-25;4166
Shoprite Thokoza;May-25;5400
Shoprite Thokoza;Jun-25;8687,3
Shoprite Thokoza;Jul-25;7090
Shoprite Thokoza;Aug-25;10240
Shoprite Thokoza;Sept-25;11379
Shoprite Thokoza;Oct-25;16828,7
Shoprite Thokoza;Nov-25;15461
Shoprite Thokoza;Dec-25;17561
Shoprite Thokoza;Jan-26;20127
Shoprite Thokoza;Feb-26;16780
Shoprite Thokoza;Mar-26;14651
Shoprite Thokoza;Apr-26;12498,2
Shoprite Thokoza;May-26;11697,82
Shoprite Thokoza;Jun-26;
Shoprite Thokoza;Jul-26;
Shoprite Thokoza;Aug-26;
Shoprite Thokoza;Sept-26;
Shoprite Thokoza;Oct-26;
Shoprite Thokoza;Nov-26;
Shoprite Thokoza;Dec-26;
Spring Glade;Jan-24;9171
Spring Glade;Feb-24;8406
Spring Glade;Mar-24;9529
Spring Glade;Apr-24;8796
Spring Glade;May-24;10039
Spring Glade;Jun-24;10175
Spring Glade;Jul-24;10629
Spring Glade;Aug-24;10264
Spring Glade;Sept-24;9192
Spring Glade;Oct-24;10175
Spring Glade;Nov-24;9431
Spring Glade;Dec-24;9104
Spring Glade;Jan-25;5093
Spring Glade;Feb-25;7532
Spring Glade;Mar-25;7375
Spring Glade;Apr-25;7602
Spring Glade;May-25;10378
Spring Glade;Jun-25;10510,45
Spring Glade;Jul-25;9750
Spring Glade;Aug-25;10081
Spring Glade;Sept-25;11225
Spring Glade;Oct-25;9885
Spring Glade;Nov-25;8679
Spring Glade;Dec-25;9967
Spring Glade;Jan-26;9751
Spring Glade;Feb-26;8451
Spring Glade;Mar-26;8559
Spring Glade;Apr-26;7937,13
Spring Glade;May-26;10005,8
Spring Glade;Jun-26;
Spring Glade;Jul-26;
Spring Glade;Aug-26;
Spring Glade;Sept-26;
Spring Glade;Oct-26;
Spring Glade;Nov-26;
Spring Glade;Dec-26;
TPF Foods ;Jan-24;3404
TPF Foods ;Feb-24;3408
TPF Foods ;Mar-24;3131
TPF Foods ;Apr-24;2829
TPF Foods ;May-24;3129
TPF Foods ;Jun-24;2591
TPF Foods ;Jul-24;3122
TPF Foods ;Aug-24;2990
TPF Foods ;Sept-24;2990
TPF Foods ;Oct-24;4061
TPF Foods ;Nov-24;3991
TPF Foods ;Dec-24;3569
TPF Foods ;Jan-25;3838
TPF Foods ;Feb-25;2653
TPF Foods ;Mar-25;2925
TPF Foods ;Apr-25;2246
TPF Foods ;May-25;3149
TPF Foods ;Jun-25;2654,45
TPF Foods ;Jul-25;2863
TPF Foods ;Aug-25;3192
TPF Foods ;Sept-25;3092
TPF Foods ;Oct-25;3600
TPF Foods ;Nov-25;2755
TPF Foods ;Dec-25;3248
TPF Foods ;Jan-26;3546
TPF Foods ;Feb-26;3398
TPF Foods ;Mar-26;2638
TPF Foods ;Apr-26;2034,35
TPF Foods ;May-26;2231,41
TPF Foods ;Jun-26;
TPF Foods ;Jul-26;
TPF Foods ;Aug-26;
TPF Foods ;Sept-26;
TPF Foods ;Oct-26;
TPF Foods ;Nov-26;
TPF Foods ;Dec-26;
Thakadu Industrial;Jan-24;
Thakadu Industrial;Feb-24;
Thakadu Industrial;Mar-24;
Thakadu Industrial;Apr-24;
Thakadu Industrial;May-24;
Thakadu Industrial;Jun-24;
Thakadu Industrial;Jul-24;
Thakadu Industrial;Aug-24;
Thakadu Industrial;Sept-24;
Thakadu Industrial;Oct-24;
Thakadu Industrial;Nov-24;
Thakadu Industrial;Dec-24;
Thakadu Industrial;Jan-25;
Thakadu Industrial;Feb-25;
Thakadu Industrial;Mar-25;
Thakadu Industrial;Apr-25;
Thakadu Industrial;May-25;
Thakadu Industrial;Jun-25;
Thakadu Industrial;Jul-25;
Thakadu Industrial;Aug-25;
Thakadu Industrial;Sept-25;
Thakadu Industrial;Oct-25;
Thakadu Industrial;Nov-25;
Thakadu Industrial;Dec-25;
Thakadu Industrial;Jan-26;
Thakadu Industrial;Feb-26;
Thakadu Industrial;Mar-26;
Thakadu Industrial;Apr-26;
Thakadu Industrial;May-26;
Thakadu Industrial;Jun-26;
Thakadu Industrial;Jul-26;
Thakadu Industrial;Aug-26;
Thakadu Industrial;Sept-26;
Thakadu Industrial;Oct-26;
Thakadu Industrial;Nov-26;
Thakadu Industrial;Dec-26;
The Alec;Jan-24;6142
The Alec;Feb-24;5738
The Alec;Mar-24;5912
The Alec;Apr-24;4354
The Alec;May-24;3536
The Alec;Jun-24;2689
The Alec;Jul-24;3106
The Alec;Aug-24;4461
The Alec;Sept-24;5033
The Alec;Oct-24;6965
The Alec;Nov-24;6934
The Alec;Dec-24;7000
The Alec;Jan-25;5900
The Alec;Feb-25;4280
The Alec;Mar-25;4292
The Alec;Apr-25;3097
The Alec;May-25;3200
The Alec;Jun-25;2560,4
The Alec;Jul-25;2823
The Alec;Aug-25;4200
The Alec;Sept-25;4566
The Alec;Oct-25;6195,1
The Alec;Nov-25;5304
The Alec;Dec-25;6296
The Alec;Jan-26;6828
The Alec;Feb-26;6062
The Alec;Mar-26;4541
The Alec;Apr-26;3743,09
The Alec;May-26;3041,11
SR Morula TF 1;Jun-26;4726
The Alec;Jul-26;
The Alec;Aug-26;
The Alec;Sept-26;
The Alec;Oct-26;
The Alec;Nov-26;
The Alec;Dec-26;
Three Peaks;Jan-24;3510
Three Peaks;Feb-24;3517
Three Peaks;Mar-24;3409
Three Peaks;Apr-24;2977
Three Peaks;May-24;2754
Three Peaks;Jun-24;2322
Three Peaks;Jul-24;3200
Three Peaks;Aug-24;1967,434
Three Peaks;Sept-24;2608
Three Peaks;Oct-24;3179
Three Peaks;Nov-24;2499
Three Peaks;Dec-24;2419
Three Peaks;Jan-25;2940
Three Peaks;Feb-25;2482
Three Peaks;Mar-25;2660
Three Peaks;Apr-25;3014
Three Peaks;May-25;3259
Three Peaks;Jun-25;2701,4
Three Peaks;Jul-25;2990
Three Peaks;Aug-25;3504
Three Peaks;Sept-25;3456
Three Peaks;Oct-25;4131
Three Peaks;Nov-25;3798
Three Peaks;Dec-25;4633
Three Peaks;Jan-26;5177
Three Peaks;Feb-26;3087
Three Peaks;Mar-26;4035
Three Peaks;Apr-26;3282,98
Three Peaks;May-26;3208,4
Three Peaks;Jun-26;
Three Peaks;Jul-26;
Three Peaks;Aug-26;
Three Peaks;Sept-26;
Three Peaks;Oct-26;
Three Peaks;Nov-26;
Three Peaks;Dec-26;
Trouw Nutrition;Jan-24;
Trouw Nutrition;Feb-24;11561
Trouw Nutrition;Mar-24;11738
Trouw Nutrition;Apr-24;307
Trouw Nutrition;May-24;1
Trouw Nutrition;Jun-24;1
Trouw Nutrition;Jul-24;6245
Trouw Nutrition;Aug-24;10791
Trouw Nutrition;Sept-24;10127
Trouw Nutrition;Oct-24;12940
Trouw Nutrition;Nov-24;12711
Trouw Nutrition;Dec-24;12090
Trouw Nutrition;Jan-25;10838
Trouw Nutrition;Feb-25;8901
Trouw Nutrition;Mar-25;9398
Trouw Nutrition;Apr-25;8195
Trouw Nutrition;May-25;6021
Trouw Nutrition;Jun-25;4341,56
Trouw Nutrition;Jul-25;6989
Trouw Nutrition;Aug-25;11205
Trouw Nutrition;Sept-25;10024
Trouw Nutrition;Oct-25;13192
Trouw Nutrition;Nov-25;10364
Trouw Nutrition;Dec-25;10702
Trouw Nutrition;Jan-26;12710
Trouw Nutrition;Feb-26;12261
Trouw Nutrition;Mar-26;11049
Trouw Nutrition;Apr-26;9364,19
Trouw Nutrition;May-26;10132,34
Trouw Nutrition;Jun-26;
Trouw Nutrition;Jul-26;
Trouw Nutrition;Aug-26;
Trouw Nutrition;Sept-26;
Trouw Nutrition;Oct-26;
Trouw Nutrition;Nov-26;
Trouw Nutrition;Dec-26;
U Save Botrivier ;Jan-24;
U Save Botrivier ;Feb-24;
U Save Botrivier ;Mar-24;
U Save Botrivier ;Apr-24;
U Save Botrivier ;May-24;
U Save Botrivier ;Jun-24;
U Save Botrivier ;Jul-24;
U Save Botrivier ;Aug-24;
U Save Botrivier ;Sept-24;
U Save Botrivier ;Oct-24;
U Save Botrivier ;Nov-24;
U Save Botrivier ;Dec-24;
U Save Botrivier ;Jan-25;
U Save Botrivier ;Feb-25;
U Save Botrivier ;Mar-25;
U Save Botrivier ;Apr-25;
U Save Botrivier ;May-25;
U Save Botrivier ;Jun-25;
U Save Botrivier ;Jul-25;
U Save Botrivier ;Aug-25;3866
U Save Botrivier ;Sept-25;4249
U Save Botrivier ;Oct-25;5286
U Save Botrivier ;Nov-25;5001
U Save Botrivier ;Dec-25;6707
U Save Botrivier ;Jan-26;7171,5
U Save Botrivier ;Feb-26;4844
U Save Botrivier ;Mar-26;5410
U Save Botrivier ;Apr-26;2815,5
U Save Botrivier ;May-26;2205,5
U Save Botrivier ;Jun-26;
U Save Botrivier ;Jul-26;
U Save Botrivier ;Aug-26;
U Save Botrivier ;Sept-26;
U Save Botrivier ;Oct-26;
U Save Botrivier ;Nov-26;
U Save Botrivier ;Dec-26;
Watt Place Rotoflo;Jan-24;17892
Watt Place Rotoflo;Feb-24;15929
Watt Place Rotoflo;Mar-24;18524
Watt Place Rotoflo;Apr-24;13076
Watt Place Rotoflo;May-24;17640
Watt Place Rotoflo;Jun-24;14642
Watt Place Rotoflo;Jul-24;15002
Watt Place Rotoflo;Aug-24;20792
Watt Place Rotoflo;Sept-24;20898
Watt Place Rotoflo;Oct-24;30325
Watt Place Rotoflo;Nov-24;27930
Watt Place Rotoflo;Dec-24;17653
Watt Place Rotoflo;Jan-25;23957
Watt Place Rotoflo;Feb-25;19898
Watt Place Rotoflo;Mar-25;18434
Watt Place Rotoflo;Apr-25;16717
Watt Place Rotoflo;May-25;19518
Watt Place Rotoflo;Jun-25;16703,9
Watt Place Rotoflo;Jul-25;17442,42
Watt Place Rotoflo;Aug-25;21419
Watt Place Rotoflo;Sept-25;19487
Watt Place Rotoflo;Oct-25;25859,04
Watt Place Rotoflo;Nov-25;23228
Watt Place Rotoflo;Dec-25;13257
Watt Place Rotoflo;Jan-26;24628
Watt Place Rotoflo;Feb-26;24848,5
Watt Place Rotoflo;Mar-26;20359
Watt Place Rotoflo;Apr-26;17480,97
Watt Place Rotoflo;May-26;17505,34
SR Morula TF 2;Jun-26;4827
Watt Place Rotoflo;Jul-26;
Watt Place Rotoflo;Aug-26;
Watt Place Rotoflo;Sept-26;
Watt Place Rotoflo;Oct-26;
Watt Place Rotoflo;Nov-26;
Watt Place Rotoflo;Dec-26;
Zwartop Golf Course;Jan-24;
Zwartop Golf Course;Feb-24;
Zwartop Golf Course;Mar-24;
Zwartop Golf Course;Apr-24;
Zwartop Golf Course;May-24;
Zwartop Golf Course;Jun-24;
Zwartop Golf Course;Jul-24;
Zwartop Golf Course;Aug-24;
Zwartop Golf Course;Sept-24;
Zwartop Golf Course;Oct-24;
Zwartop Golf Course;Nov-24;
Zwartop Golf Course;Dec-24;
Zwartop Golf Course;Jan-25;
Zwartop Golf Course;Feb-25;
Zwartop Golf Course;Mar-25;
Zwartop Golf Course;Apr-25;
Zwartop Golf Course;May-25;
Zwartop Golf Course;Jun-25;
Zwartop Golf Course;Jul-25;
Zwartop Golf Course;Aug-25;
Zwartop Golf Course;Sept-25;
Zwartop Golf Course;Oct-25;
Zwartop Golf Course;Nov-25;
Zwartop Golf Course;Dec-25;
Zwartop Golf Course;Jan-26;
Zwartop Golf Course;Feb-26;
Zwartop Golf Course;Mar-26;
Zwartop Golf Course;Apr-26;
Zwartop Golf Course;May-26;
Zwartop Golf Course;Jun-26;
Zwartop Golf Course;Jul-26;
Zwartop Golf Course;Aug-26;
Zwartop Golf Course;Sept-26;
Zwartop Golf Course;Oct-26;
Zwartop Golf Course;Nov-26;
Zwartop Golf Course;Dec-26;
Roan Foods;Apr-26;10820
Roan Foods;May-26;11820
Checkers Lichtenburg;May-26;17630
Alpine Heath Resort;May-26;27917,2
Engen Kaalfontein;Jan-24;
Engen Kaalfontein;Feb-24;
Engen Kaalfontein;Mar-24;
Engen Kaalfontein;Apr-24;
Engen Kaalfontein;May-24;
Engen Kaalfontein;Jun-24;
Engen Kaalfontein;Jul-24;
Engen Kaalfontein;Aug-24;
Engen Kaalfontein;Sept-24;
Engen Kaalfontein;Oct-24;
Engen Kaalfontein;Nov-24;
Engen Kaalfontein;Dec-24;
Engen Kaalfontein;Jan-25;
Engen Kaalfontein;Feb-25;
Engen Kaalfontein;Mar-25;
Engen Kaalfontein;Apr-25;
Engen Kaalfontein;May-25;
Engen Kaalfontein;Jun-25;
Engen Kaalfontein;Jul-25;
Engen Kaalfontein;Aug-25;
Engen Kaalfontein;Sept-25;
Engen Kaalfontein;Oct-25;
Engen Kaalfontein;Nov-25;
Engen Kaalfontein;Dec-25;
Engen Kaalfontein;Jan-26;
Engen Kaalfontein;Feb-26;
Engen Kaalfontein;Mar-26;
Engen Kaalfontein;Apr-26;
Engen Kaalfontein;May-26;
The Alec;Jun-26;2444
Engen Kaalfontein;Jul-26;
Engen Kaalfontein;Aug-26;
Engen Kaalfontein;Sept-26;
Engen Kaalfontein;Oct-26;
Engen Kaalfontein;Nov-26;
Engen Kaalfontein;Dec-26;
Alpine Heath Resort;Jan-24;
Alpine Heath Resort;Feb-24;
Alpine Heath Resort;Mar-24;
Alpine Heath Resort;Apr-24;
Alpine Heath Resort;May-24;
Alpine Heath Resort;Jun-24;
Alpine Heath Resort;Jul-24;
Alpine Heath Resort;Aug-24;
Alpine Heath Resort;Sept-24;
Alpine Heath Resort;Oct-24;
Alpine Heath Resort;Nov-24;
Alpine Heath Resort;Dec-24;
Alpine Heath Resort;Jan-25;
Alpine Heath Resort;Feb-25;
Alpine Heath Resort;Mar-25;
Alpine Heath Resort;Apr-25;
Alpine Heath Resort;May-25;
Alpine Heath Resort;Jun-25;
Alpine Heath Resort;Jul-25;
Alpine Heath Resort;Aug-25;
Alpine Heath Resort;Sept-25;
Alpine Heath Resort;Oct-25;
Alpine Heath Resort;Nov-25;
Alpine Heath Resort;Dec-25;
Alpine Heath Resort;Jan-26;
Alpine Heath Resort;Feb-26;
Alpine Heath Resort;Mar-26;
Alpine Heath Resort;Apr-26;
Watt Place Rotoflo;Jun-26;11655
Alpine Heath Resort;Jul-26;
Alpine Heath Resort;Aug-26;
Alpine Heath Resort;Sept-26;
Alpine Heath Resort;Oct-26;
Alpine Heath Resort;Nov-26;
Alpine Heath Resort;Dec-26;
